fw	ordinal	class	target	dispatch
4.89	0	stub	0x800000000026d2a0	flat
4.89	1	implemented	0x800000000001a214	flat
4.89	2	implemented	0x800000000001983c	flat
4.89	3	implemented	0x800000000001a4e4	flat
4.89	4	implemented	0x800000000001a25c	flat
4.89	5	implemented	0x800000000001b114	flat
4.89	6	stub	0x800000000026d2a0	flat
4.89	7	stub	0x800000000026d2a0	flat
4.89	8	stub	0x800000000026d2a0	flat
4.89	9	stub	0x800000000026d2a0	flat
4.89	10	stub	0x800000000026d2a0	flat
4.89	11	stub	0x800000000026d2a0	flat
4.89	12	implemented	0x8000000000019fec	flat
4.89	13	implemented	0x8000000000019f04	flat
4.89	14	implemented	0x8000000000019a38	flat
4.89	15	stub	0x800000000026d2a0	flat
4.89	16	stub	0x800000000026d2a0	flat
4.89	17	stub	0x800000000026d2a0	flat
4.89	18	implemented	0x800000000001a1b8	flat
4.89	19	implemented	0x800000000001aff0	flat
4.89	20	stub	0x800000000026d2a0	flat
4.89	21	implemented	0x800000000001abc8	flat
4.89	22	implemented	0x800000000001a348	flat
4.89	23	implemented	0x800000000001b1b4	flat
4.89	24	implemented	0x800000000001aa54	flat
4.89	25	implemented	0x800000000001a07c	flat
4.89	26	implemented	0x800000000001a450	flat
4.89	27	implemented	0x800000000001a87c	flat
4.89	28	implemented	0x800000000026d3d4	flat
4.89	29	implemented	0x800000000026d2ac	flat
4.89	30	implemented	0x8000000000019aa0	flat
4.89	31	implemented	0x80000000000199f0	flat
4.89	32	stub	0x800000000026d2a0	flat
4.89	33	stub	0x800000000026d2a0	flat
4.89	34	stub	0x800000000026d2a0	flat
4.89	35	stub	0x800000000026d2a0	flat
4.89	36	stub	0x800000000026d2a0	flat
4.89	37	stub	0x800000000026d2a0	flat
4.89	38	stub	0x800000000026d2a0	flat
4.89	39	stub	0x800000000026d2a0	flat
4.89	40	stub	0x800000000026d2a0	flat
4.89	41	implemented	0x80000000000201a8	flat
4.89	42	stub	0x800000000026d2a0	flat
4.89	43	implemented	0x800000000001f740	flat
4.89	44	implemented	0x800000000001f8d4	flat
4.89	45	implemented	0x800000000001f834	flat
4.89	46	implemented	0x800000000001f6fc	flat
4.89	47	implemented	0x8000000000020060	flat
4.89	48	implemented	0x800000000001f774	flat
4.89	49	implemented	0x800000000001fc54	flat
4.89	50	implemented	0x800000000001ff84	flat
4.89	51	implemented	0x800000000001fef4	flat
4.89	52	implemented	0x80000000000202e4	flat
4.89	53	implemented	0x800000000001fb98	flat
4.89	54	implemented	0x800000000001fcb0	flat
4.89	55	implemented	0x800000000001fd94	flat
4.89	56	implemented	0x800000000001f5f4	flat
4.89	57	implemented	0x800000000001fa08	flat
4.89	58	implemented	0x800000000001fadc	flat
4.89	59	stub	0x800000000026d2a0	flat
4.89	60	stub	0x800000000026d2a0	flat
4.89	61	stub	0x800000000026d2a0	flat
4.89	62	stub	0x800000000026d2a0	flat
4.89	63	stub	0x800000000026d2a0	flat
4.89	64	stub	0x800000000026d2a0	flat
4.89	65	stub	0x800000000026d2a0	flat
4.89	66	stub	0x800000000026d2a0	flat
4.89	67	stub	0x800000000026d2a0	flat
4.89	68	stub	0x800000000026d2a0	flat
4.89	69	stub	0x800000000026d2a0	flat
4.89	70	implemented	0x8000000000021954	flat
4.89	71	implemented	0x8000000000022054	flat
4.89	72	implemented	0x8000000000021f94	flat
4.89	73	implemented	0x8000000000021dcc	flat
4.89	74	implemented	0x8000000000021d34	flat
4.89	75	implemented	0x8000000000021bcc	flat
4.89	76	implemented	0x8000000000021b0c	flat
4.89	77	stub	0x800000000026d2a0	flat
4.89	78	stub	0x800000000026d2a0	flat
4.89	79	stub	0x800000000026d2a0	flat
4.89	80	implemented	0x80000000000092f0	flat
4.89	81	implemented	0x80000000000097c0	flat
4.89	82	implemented	0x80000000000340a8	flat
4.89	83	implemented	0x8000000000033d9c	flat
4.89	84	implemented	0x80000000000095e4	flat
4.89	85	implemented	0x80000000000347cc	flat
4.89	86	implemented	0x80000000000346ac	flat
4.89	87	implemented	0x8000000000034600	flat
4.89	88	implemented	0x80000000000092c8	flat
4.89	89	implemented	0x8000000000009498	flat
4.89	90	implemented	0x800000000003111c	flat
4.89	91	implemented	0x8000000000030f08	flat
4.89	92	implemented	0x8000000000030e20	flat
4.89	93	implemented	0x8000000000030d84	flat
4.89	94	implemented	0x8000000000031588	flat
4.89	95	implemented	0x800000000002e678	flat
4.89	96	implemented	0x800000000002e440	flat
4.89	97	implemented	0x800000000002e9a8	flat
4.89	98	implemented	0x800000000002e90c	flat
4.89	99	implemented	0x800000000002e870	flat
4.89	100	implemented	0x8000000000020a8c	flat
4.89	101	implemented	0x80000000000207d4	flat
4.89	102	implemented	0x8000000000020f54	flat
4.89	103	implemented	0x8000000000020eb8	flat
4.89	104	implemented	0x8000000000020e1c	flat
4.89	105	implemented	0x800000000002141c	flat
4.89	106	implemented	0x800000000002103c	flat
4.89	107	implemented	0x80000000000217fc	flat
4.89	108	implemented	0x80000000000212b0	flat
4.89	109	implemented	0x8000000000021218	flat
4.89	110	implemented	0x8000000000021348	flat
4.89	111	implemented	0x80000000000320d8	flat
4.89	112	implemented	0x8000000000031f38	flat
4.89	113	implemented	0x80000000000325dc	flat
4.89	114	implemented	0x80000000000314cc	flat
4.89	115	implemented	0x80000000000323c8	flat
4.89	116	implemented	0x80000000000322b0	flat
4.89	117	implemented	0x800000000002e5e0	flat
4.89	118	implemented	0x8000000000034558	flat
4.89	119	implemented	0x8000000000022efc	flat
4.89	120	implemented	0x8000000000022508	flat
4.89	121	implemented	0x800000000002230c	flat
4.89	122	implemented	0x8000000000022188	flat
4.89	123	implemented	0x8000000000022b4c	flat
4.89	124	implemented	0x8000000000022ab0	flat
4.89	125	implemented	0x80000000000229c8	flat
4.89	126	implemented	0x800000000002292c	flat
4.89	127	implemented	0x8000000000022270	flat
4.89	128	implemented	0x800000000002d32c	flat
4.89	129	implemented	0x800000000002da08	flat
4.89	130	implemented	0x800000000002d870	flat
4.89	131	implemented	0x800000000002d10c	flat
4.89	132	implemented	0x8000000000034450	flat
4.89	133	implemented	0x800000000002e210	flat
4.89	134	implemented	0x800000000002d844	flat
4.89	135	implemented	0x800000000002e0f0	flat
4.89	136	implemented	0x800000000002df0c	flat
4.89	137	implemented	0x800000000002e030	flat
4.89	138	implemented	0x800000000002dc88	flat
4.89	139	implemented	0x8000000000033fb0	flat
4.89	140	implemented	0x800000000002dd58	flat
4.89	141	implemented	0x80000000000218e4	flat
4.89	142	implemented	0x8000000000021a94	flat
4.89	143	implemented	0x8000000000022d38	flat
4.89	144	implemented	0x8000000000022c94	flat
4.89	145	implemented	0x8000000000022bf4	flat
4.89	146	implemented	0x8000000000022e0c	flat
4.89	147	implemented	0x8000000000022be8	flat
4.89	148	implemented	0x8000000000022890	flat
4.89	149	stub	0x800000000026d2a0	flat
4.89	150	implemented	0x80000000000478b8	flat
4.89	151	implemented	0x8000000000047634	flat
4.89	152	implemented	0x8000000000047f98	flat
4.89	153	implemented	0x8000000000047eac	flat
4.89	154	implemented	0x8000000000047d84	flat
4.89	155	implemented	0x800000000004b344	flat
4.89	156	implemented	0x800000000004aef0	flat
4.89	157	implemented	0x800000000004b574	flat
4.89	158	implemented	0x800000000004b488	flat
4.89	159	implemented	0x800000000004b1f4	flat
4.89	160	implemented	0x8000000000047720	flat
4.89	161	implemented	0x80000000000479b8	flat
4.89	162	stub	0x800000000026d2a0	flat
4.89	163	implemented	0x8000000000047cb0	flat
4.89	164	stub	0x800000000026d2a0	flat
4.89	165	implemented	0x8000000000048674	flat
4.89	166	implemented	0x8000000000048720	flat
4.89	167	stub	0x800000000004963c	flat
4.89	168	stub	0x800000000026d2a0	flat
4.89	169	implemented	0x800000000004ade0	flat
4.89	170	implemented	0x800000000004acc0	flat
4.89	171	implemented	0x800000000004a814	flat
4.89	172	implemented	0x8000000000048cc0	flat
4.89	173	implemented	0x800000000004a16c	flat
4.89	174	implemented	0x800000000004a0b4	flat
4.89	175	implemented	0x800000000004a060	flat
4.89	176	implemented	0x800000000004a00c	flat
4.89	177	implemented	0x800000000004a108	flat
4.89	178	implemented	0x8000000000049e58	flat
4.89	179	implemented	0x8000000000049fa8	flat
4.89	180	implemented	0x8000000000049f44	flat
4.89	181	implemented	0x8000000000048538	flat
4.89	182	implemented	0x8000000000048444	flat
4.89	183	stub	0x800000000026d2a0	flat
4.89	184	implemented	0x80000000000483bc	flat
4.89	185	implemented	0x8000000000049da4	flat
4.89	186	implemented	0x8000000000049d14	flat
4.89	187	implemented	0x8000000000048328	flat
4.89	188	implemented	0x80000000000482c4	flat
4.89	189	stub	0x800000000026d2a0	flat
4.89	190	implemented	0x8000000000048264	flat
4.89	191	implemented	0x8000000000048894	flat
4.89	192	implemented	0x80000000000494a0	flat
4.89	193	implemented	0x8000000000048b58	flat
4.89	194	implemented	0x800000000004860c	flat
4.89	195	stub	0x800000000026d2a0	flat
4.89	196	implemented	0x8000000000047c10	flat
4.89	197	implemented	0x8000000000047b3c	flat
4.89	198	implemented	0x8000000000048210	flat
4.89	199	implemented	0x8000000000047ab0	flat
4.89	200	stub	0x800000000026d2a0	flat
4.89	201	stub	0x800000000026d2a0	flat
4.89	202	stub	0x800000000026d2a0	flat
4.89	203	stub	0x800000000026d2a0	flat
4.89	204	stub	0x800000000026d2a0	flat
4.89	205	stub	0x800000000026d2a0	flat
4.89	206	stub	0x800000000026d2a0	flat
4.89	207	stub	0x800000000026d2a0	flat
4.89	208	stub	0x800000000026d2a0	flat
4.89	209	stub	0x800000000026d2a0	flat
4.89	210	stub	0x800000000026d2a0	flat
4.89	211	stub	0x800000000026d2a0	flat
4.89	212	stub	0x800000000026d2a0	flat
4.89	213	stub	0x800000000026d2a0	flat
4.89	214	stub	0x800000000026d2a0	flat
4.89	215	stub	0x800000000026d2a0	flat
4.89	216	stub	0x800000000026d2a0	flat
4.89	217	stub	0x800000000026d2a0	flat
4.89	218	stub	0x800000000026d2a0	flat
4.89	219	stub	0x800000000026d2a0	flat
4.89	220	stub	0x800000000026d2a0	flat
4.89	221	stub	0x800000000026d2a0	flat
4.89	222	stub	0x800000000026d2a0	flat
4.89	223	stub	0x800000000026d2a0	flat
4.89	224	stub	0x800000000026d2a0	flat
4.89	225	stub	0x800000000026d2a0	flat
4.89	226	stub	0x800000000026d2a0	flat
4.89	227	stub	0x800000000026d2a0	flat
4.89	228	stub	0x800000000026d2a0	flat
4.89	229	stub	0x800000000026d2a0	flat
4.89	230	implemented	0x80000000000467c4	flat
4.89	231	implemented	0x800000000004662c	flat
4.89	232	implemented	0x800000000004630c	flat
4.89	233	implemented	0x8000000000047474	flat
4.89	234	implemented	0x80000000000472c8	flat
4.89	235	implemented	0x80000000000470e0	flat
4.89	236	implemented	0x8000000000046f34	flat
4.89	237	implemented	0x8000000000046d4c	flat
4.89	238	implemented	0x8000000000046a18	flat
4.89	239	implemented	0x8000000000046474	flat
4.89	240	implemented	0x8000000000046b94	flat
4.89	241	stub	0x800000000026d2a0	flat
4.89	242	stub	0x800000000026d2a0	flat
4.89	243	stub	0x800000000026d2a0	flat
4.89	244	implemented	0x800000000004a5b0	flat
4.89	245	implemented	0x800000000004a528	flat
4.89	246	implemented	0x800000000004a4a0	flat
4.89	247	implemented	0x800000000004a418	flat
4.89	248	implemented	0x800000000004a2fc	flat
4.89	249	implemented	0x800000000004a1c0	flat
4.89	250	implemented	0x8000000000049818	flat
4.89	251	implemented	0x800000000004a638	flat
4.89	252	implemented	0x8000000000049c5c	flat
4.89	253	implemented	0x800000000004976c	flat
4.89	254	implemented	0x8000000000049a08	flat
4.89	255	stub	0x800000000026d2a0	flat
4.89	256	stub	0x800000000026d2a0	flat
4.89	257	stub	0x800000000026d2a0	flat
4.89	258	stub	0x800000000026d2a0	flat
4.89	259	stub	0x800000000026d2a0	flat
4.89	260	implemented	0x800000000004b708	flat
4.89	261	stub	0x800000000026d2a0	flat
4.89	262	stub	0x800000000026d2a0	flat
4.89	263	stub	0x800000000026d2a0	flat
4.89	264	stub	0x800000000026d2a0	flat
4.89	265	stub	0x800000000026d2a0	flat
4.89	266	stub	0x800000000026d2a0	flat
4.89	267	stub	0x800000000026d2a0	flat
4.89	268	stub	0x800000000026d2a0	flat
4.89	269	stub	0x800000000026d2a0	flat
4.89	270	stub	0x800000000026d2a0	flat
4.89	271	stub	0x800000000026d2a0	flat
4.89	272	stub	0x800000000026d2a0	flat
4.89	273	stub	0x800000000026d2a0	flat
4.89	274	stub	0x800000000026d2a0	flat
4.89	275	stub	0x800000000026d2a0	flat
4.89	276	stub	0x800000000026d2a0	flat
4.89	277	stub	0x800000000026d2a0	flat
4.89	278	stub	0x800000000026d2a0	flat
4.89	279	stub	0x800000000026d2a0	flat
4.89	280	stub	0x800000000026d2a0	flat
4.89	281	stub	0x800000000026d2a0	flat
4.89	282	stub	0x800000000026d2a0	flat
4.89	283	stub	0x800000000026d2a0	flat
4.89	284	stub	0x800000000026d2a0	flat
4.89	285	stub	0x800000000026d2a0	flat
4.89	286	stub	0x800000000026d2a0	flat
4.89	287	stub	0x800000000026d2a0	flat
4.89	288	stub	0x800000000026d2a0	flat
4.89	289	stub	0x800000000026d2a0	flat
4.89	290	stub	0x800000000026d2a0	flat
4.89	291	stub	0x800000000026d2a0	flat
4.89	292	stub	0x800000000026d2a0	flat
4.89	293	stub	0x800000000026d2a0	flat
4.89	294	stub	0x800000000026d2a0	flat
4.89	295	stub	0x800000000026d2a0	flat
4.89	296	stub	0x800000000026d2a0	flat
4.89	297	stub	0x800000000026d2a0	flat
4.89	298	stub	0x800000000026d2a0	flat
4.89	299	stub	0x800000000026d2a0	flat
4.89	300	implemented	0x80000000000672c4	flat
4.89	301	implemented	0x8000000000067038	flat
4.89	302	implemented	0x8000000000067bf0	flat
4.89	303	implemented	0x8000000000067b48	flat
4.89	304	implemented	0x8000000000067ad8	flat
4.89	305	implemented	0x8000000000067a70	flat
4.89	306	implemented	0x8000000000067a04	flat
4.89	307	implemented	0x8000000000067998	flat
4.89	308	implemented	0x800000000006792c	flat
4.89	309	implemented	0x80000000000678c0	flat
4.89	310	implemented	0x8000000000067854	flat
4.89	311	implemented	0x80000000000677a8	flat
4.89	312	implemented	0x800000000006770c	flat
4.89	313	implemented	0x8000000000067098	flat
4.89	314	implemented	0x80000000000675c0	flat
4.89	315	implemented	0x80000000000674f8	flat
4.89	316	stub	0x800000000026d2a0	flat
4.89	317	stub	0x800000000026d2a0	flat
4.89	318	stub	0x800000000026d2a0	flat
4.89	319	stub	0x800000000026d2a0	flat
4.89	320	stub	0x800000000026d2a0	flat
4.89	321	stub	0x800000000026d2a0	flat
4.89	322	stub	0x800000000026d2a0	flat
4.89	323	stub	0x800000000026d2a0	flat
4.89	324	implemented	0x8000000000079a34	flat
4.89	325	implemented	0x8000000000079834	flat
4.89	326	implemented	0x800000000007936c	flat
4.89	327	implemented	0x80000000000793f8	flat
4.89	328	implemented	0x800000000007b55c	flat
4.89	329	implemented	0x800000000007af5c	flat
4.89	330	implemented	0x8000000000078980	flat
4.89	331	implemented	0x8000000000078720	flat
4.89	332	implemented	0x800000000007c778	flat
4.89	333	implemented	0x8000000000078a00	flat
4.89	334	implemented	0x8000000000079220	flat
4.89	335	implemented	0x8000000000078e70	flat
4.89	336	implemented	0x8000000000078450	flat
4.89	337	implemented	0x800000000007ce18	flat
4.89	338	implemented	0x800000000007ca84	flat
4.89	339	implemented	0x800000000007bc80	flat
4.89	340	implemented	0x8000000000079228	flat
4.89	341	implemented	0x800000000007993c	flat
4.89	342	implemented	0x8000000000077eb0	flat
4.89	343	implemented	0x8000000000077eac	flat
4.89	344	stub	0x800000000026d2a0	flat
4.89	345	implemented	0x8000000000078254	flat
4.89	346	implemented	0x8000000000077e04	flat
4.89	347	stub	0x800000000026d2a0	flat
4.89	348	implemented	0x800000000007a9d8	flat
4.89	349	implemented	0x800000000007a114	flat
4.89	350	implemented	0x800000000007a860	flat
4.89	351	implemented	0x8000000000079e54	flat
4.89	352	implemented	0x8000000000079eec	flat
4.89	353	implemented	0x8000000000079d14	flat
4.89	354	implemented	0x80000000000796e8	flat
4.89	355	implemented	0x80000000000796e4	flat
4.89	356	implemented	0x800000000007a550	flat
4.89	357	implemented	0x8000000000079fd0	flat
4.89	358	implemented	0x800000000007c54c	flat
4.89	359	implemented	0x800000000007ae38	flat
4.89	360	implemented	0x800000000007b844	flat
4.89	361	implemented	0x800000000007a4dc	flat
4.89	362	implemented	0x800000000007c3a8	flat
4.89	363	implemented	0x800000000007c170	flat
4.89	364	stub	0x800000000026d2a0	flat
4.89	365	stub	0x800000000026d2a0	flat
4.89	366	stub	0x800000000026d2a0	flat
4.89	367	implemented	0x80000000000182c8	flat
4.89	368	implemented	0x80000000000180dc	flat
4.89	369	implemented	0x8000000000017f24	flat
4.89	370	implemented	0x8000000000017e4c	flat
4.89	371	stub	0x800000000026d2a0	flat
4.89	372	implemented	0x800000000000b328	flat
4.89	373	implemented	0x800000000000b268	flat
4.89	374	implemented	0x800000000000b620	flat
4.89	375	implemented	0x800000000000b534	flat
4.89	376	implemented	0x800000000000b42c	flat
4.89	377	implemented	0x800000000000b6dc	flat
4.89	378	implemented	0x800000000000ab48	flat
4.89	379	implemented	0x800000000000a928	flat
4.89	380	implemented	0x800000000000a798	flat
4.89	381	implemented	0x800000000000a650	flat
4.89	382	implemented	0x800000000000a5cc	flat
4.89	383	implemented	0x800000000000c594	flat
4.89	384	implemented	0x800000000000c4b4	flat
4.89	385	implemented	0x800000000000c6b8	flat
4.89	386	implemented	0x800000000000a390	flat
4.89	387	implemented	0x800000000000c3e8	flat
4.89	388	implemented	0x800000000000c290	flat
4.89	389	implemented	0x800000000000a30c	flat
4.89	390	implemented	0x800000000000c020	flat
4.89	391	implemented	0x800000000000be88	flat
4.89	392	implemented	0x800000000000c194	flat
4.89	393	implemented	0x800000000000bc48	flat
4.89	394	implemented	0x800000000000baf0	flat
4.89	395	implemented	0x800000000000b948	flat
4.89	396	implemented	0x800000000000b868	flat
4.89	397	implemented	0x800000000000b778	flat
4.89	398	implemented	0x800000000026d470	flat
4.89	399	stub	0x800000000026d2a0	flat
4.89	400	implemented	0x800000000000a248	flat
4.89	401	implemented	0x800000000000b15c	flat
4.89	402	stub	0x800000000026d588	flat
4.89	403	implemented	0x800000000026d594	flat
4.89	404	implemented	0x800000000000b01c	flat
4.89	405	implemented	0x800000000000a134	flat
4.89	406	implemented	0x800000000000a078	flat
4.89	407	implemented	0x8000000000009fd0	flat
4.89	408	implemented	0x8000000000009f30	flat
4.89	409	implemented	0x8000000000009df0	flat
4.89	410	implemented	0x8000000000009b90	flat
4.89	411	implemented	0x8000000000009cc4	flat
4.89	412	stub	0x800000000026d2a0	flat
4.89	413	implemented	0x800000000000aec8	flat
4.89	414	implemented	0x800000000000ad88	flat
4.89	415	implemented	0x800000000000a480	flat
4.89	416	stub	0x800000000026d2a0	flat
4.89	417	stub	0x800000000026d2a0	flat
4.89	418	stub	0x800000000026d2a0	flat
4.89	419	stub	0x800000000026d2a0	flat
4.89	420	stub	0x800000000026d2a0	flat
4.89	421	stub	0x800000000026d2a0	flat
4.89	422	stub	0x800000000026d2a0	flat
4.89	423	stub	0x800000000026d2a0	flat
4.89	424	stub	0x800000000026d2a0	flat
4.89	425	stub	0x800000000026d2a0	flat
4.89	426	stub	0x800000000026d2a0	flat
4.89	427	stub	0x800000000026d2a0	flat
4.89	428	stub	0x800000000026d2a0	flat
4.89	429	stub	0x800000000026d2a0	flat
4.89	430	stub	0x800000000026d2a0	flat
4.89	431	stub	0x800000000026d2a0	flat
4.89	432	stub	0x800000000026d2a0	flat
4.89	433	stub	0x800000000026d2a0	flat
4.89	434	stub	0x800000000026d2a0	flat
4.89	435	stub	0x800000000026d2a0	flat
4.89	436	stub	0x800000000026d2a0	flat
4.89	437	stub	0x800000000026d2a0	flat
4.89	438	stub	0x800000000026d2a0	flat
4.89	439	stub	0x800000000026d2a0	flat
4.89	440	stub	0x800000000026d2a0	flat
4.89	441	stub	0x800000000026d2a0	flat
4.89	442	stub	0x800000000026d2a0	flat
4.89	443	stub	0x800000000026d2a0	flat
4.89	444	stub	0x800000000026d2a0	flat
4.89	445	stub	0x800000000026d2a0	flat
4.89	446	stub	0x800000000026d2a0	flat
4.89	447	stub	0x800000000026d2a0	flat
4.89	448	stub	0x800000000026d2a0	flat
4.89	449	stub	0x800000000026d2a0	flat
4.89	450	implemented	0x800000000001bf9c	flat
4.89	451	implemented	0x800000000001c6ac	flat
4.89	452	implemented	0x800000000001c518	flat
4.89	453	implemented	0x800000000001c2c0	flat
4.89	454	implemented	0x800000000001b604	flat
4.89	455	implemented	0x800000000001bd1c	flat
4.89	456	implemented	0x800000000001b99c	flat
4.89	457	implemented	0x800000000001ba90	flat
4.89	458	implemented	0x800000000001bd18	flat
4.89	459	stub	0x800000000026d2a0	flat
4.89	460	stub	0x800000000026d2a0	flat
4.89	461	implemented	0x80000000000808e0	flat
4.89	462	stub	0x800000000026d2a0	flat
4.89	463	implemented	0x8000000000081948	flat
4.89	464	implemented	0x8000000000081838	flat
4.89	465	implemented	0x8000000000081758	flat
4.89	466	implemented	0x8000000000081494	flat
4.89	467	implemented	0x800000000008080c	flat
4.89	468	stub	0x800000000026d2a0	flat
4.89	469	stub	0x800000000026d2a0	flat
4.89	470	implemented	0x8000000000051390	flat
4.89	471	stub	0x80000000000511e0	flat
4.89	472	implemented	0x80000000000514cc	flat
4.89	473	implemented	0x8000000000051454	flat
4.89	474	stub	0x80000000000511ec	flat
4.89	475	implemented	0x80000000000511f8	flat
4.89	476	implemented	0x800000000005714c	subtable
4.89	477	stub	0x800000000026d2a0	flat
4.89	478	stub	0x800000000026d2a0	flat
4.89	479	stub	0x800000000026d2a0	flat
4.89	480	implemented	0x8000000000080704	flat
4.89	481	implemented	0x8000000000081358	flat
4.89	482	implemented	0x80000000000811e0	flat
4.89	483	implemented	0x8000000000081180	flat
4.89	484	implemented	0x8000000000080f44	flat
4.89	485	implemented	0x8000000000080560	flat
4.89	486	implemented	0x8000000000080888	flat
4.89	487	implemented	0x8000000000080568	flat
4.89	488	implemented	0x8000000000080570	flat
4.89	489	implemented	0x8000000000080578	flat
4.89	490	implemented	0x8000000000080580	flat
4.89	491	stub	0x800000000026d2a0	flat
4.89	492	implemented	0x8000000000081d08	flat
4.89	493	implemented	0x8000000000081a14	flat
4.89	494	implemented	0x8000000000080cb8	flat
4.89	495	implemented	0x80000000000809e0	flat
4.89	496	implemented	0x8000000000080938	flat
4.89	497	implemented	0x8000000000080588	flat
4.89	498	implemented	0x8000000000080558	flat
4.89	499	implemented	0x80000000000807bc	flat
4.89	500	implemented	0x80000000000c336c	flat
4.89	501	implemented	0x80000000000c32c4	flat
4.89	502	implemented	0x80000000000c3168	flat
4.89	503	implemented	0x80000000000c3ef0	flat
4.89	504	implemented	0x80000000000c3de0	flat
4.89	505	implemented	0x80000000000c3cd0	flat
4.89	506	implemented	0x80000000000c3bd0	flat
4.89	507	implemented	0x80000000000c3ad0	flat
4.89	508	implemented	0x80000000000c39e0	flat
4.89	509	implemented	0x80000000000c38f0	flat
4.89	510	implemented	0x80000000000c3860	flat
4.89	511	implemented	0x80000000000c3780	flat
4.89	512	implemented	0x80000000000c326c	flat
4.89	513	implemented	0x80000000000c3620	flat
4.89	514	implemented	0x80000000000c3488	flat
4.89	515	stub	0x800000000026d2a0	flat
4.89	516	implemented	0x80000000000a0038	flat
4.89	517	implemented	0x80000000000a0c90	flat
4.89	518	implemented	0x80000000000a0824	flat
4.89	519	implemented	0x80000000000a0a14	flat
4.89	520	implemented	0x80000000000a08f8	flat
4.89	521	implemented	0x80000000000a04cc	flat
4.89	522	implemented	0x80000000000a0348	flat
4.89	523	implemented	0x80000000000a0750	flat
4.89	524	implemented	0x80000000000a02a4	flat
4.89	525	implemented	0x80000000000a01f4	flat
4.89	526	stub	0x800000000026d2a0	flat
4.89	527	stub	0x800000000026d2a0	flat
4.89	528	stub	0x800000000026d2a0	flat
4.89	529	stub	0x800000000026d2a0	flat
4.89	530	implemented	0x800000000025d324	flat
4.89	531	implemented	0x800000000025df94	flat
4.89	532	implemented	0x800000000025db4c	flat
4.89	533	implemented	0x800000000025eb8c	flat
4.89	534	implemented	0x800000000025e9e4	flat
4.89	535	implemented	0x800000000025e818	flat
4.89	536	implemented	0x800000000025e668	flat
4.89	537	implemented	0x800000000025e350	flat
4.89	538	implemented	0x800000000025e254	flat
4.89	539	implemented	0x800000000025e158	flat
4.89	540	implemented	0x800000000025de20	flat
4.89	541	implemented	0x800000000025cef0	flat
4.89	542	implemented	0x800000000025d078	flat
4.89	543	implemented	0x800000000025ff9c	flat
4.89	544	implemented	0x800000000025fe24	flat
4.89	545	implemented	0x800000000025fb30	flat
4.89	546	implemented	0x800000000025f968	flat
4.89	547	implemented	0x800000000025f674	flat
4.89	548	implemented	0x800000000025f444	flat
4.89	549	implemented	0x800000000025dcf4	flat
4.89	550	implemented	0x800000000025f2e8	flat
4.89	551	implemented	0x800000000025ec88	flat
4.89	552	implemented	0x800000000025da60	flat
4.89	553	implemented	0x800000000025cf3c	flat
4.89	554	implemented	0x800000000025cf88	flat
4.89	555	implemented	0x800000000025cfd4	flat
4.89	556	implemented	0x800000000025f540	flat
4.89	557	implemented	0x800000000025d870	flat
4.89	558	implemented	0x800000000025d6c0	flat
4.89	559	implemented	0x800000000025d4c4	flat
4.89	560	implemented	0x80000000000b444c	flat
4.89	561	implemented	0x80000000000b4378	flat
4.89	562	implemented	0x80000000000b4550	flat
4.89	563	implemented	0x800000000025e49c	flat
4.89	564	implemented	0x80000000002600f0	flat
4.89	565	implemented	0x800000000025f16c	flat
4.89	566	implemented	0x800000000025fcac	flat
4.89	567	implemented	0x800000000025ee80	flat
4.89	568	implemented	0x800000000025ed84	flat
4.89	569	implemented	0x800000000025efdc	flat
4.89	570	implemented	0x80000000000c78e8	flat
4.89	571	implemented	0x80000000000c7770	flat
4.89	572	implemented	0x80000000000c76c0	flat
4.89	573	implemented	0x80000000000c75b0	flat
4.89	574	implemented	0x80000000000c77c8	flat
4.89	575	implemented	0x80000000000c755c	flat
4.89	576	stub	0x800000000026d2a0	flat
4.89	577	implemented	0x80000000000c70a0	flat
4.89	578	implemented	0x800000000025d020	flat
4.89	579	implemented	0x800000000025d194	flat
4.89	580	implemented	0x80000000000ee988	flat
4.89	581	implemented	0x80000000000ee764	flat
4.89	582	implemented	0x80000000000ee520	flat
4.89	583	implemented	0x80000000000edfd0	flat
4.89	584	implemented	0x80000000000ee1f8	flat
4.89	585	implemented	0x80000000000ed9b8	flat
4.89	586	stub	0x80000000000ed7ac	flat
4.89	587	implemented	0x80000000000edda8	flat
4.89	588	stub	0x80000000000ed77c	flat
4.89	589	stub	0x80000000000ed788	flat
4.89	590	implemented	0x80000000000ee398	flat
4.89	591	implemented	0x80000000000ed76c	flat
4.89	592	implemented	0x80000000000ed774	flat
4.89	593	implemented	0x80000000000ee274	flat
4.89	594	stub	0x80000000000ed794	flat
4.89	595	stub	0x80000000000ed7a0	flat
4.89	596	stub	0x80000000000ed7b8	flat
4.89	597	implemented	0x80000000000ed7c4	flat
4.89	598	implemented	0x80000000000ee49c	flat
4.89	599	implemented	0x80000000000ede44	flat
4.89	600	implemented	0x800000000027bb78	flat
4.89	601	implemented	0x800000000027bd88	flat
4.89	602	implemented	0x800000000027cedc	flat
4.89	603	implemented	0x800000000027cdd8	flat
4.89	604	implemented	0x800000000027cce0	flat
4.89	605	implemented	0x800000000027c908	flat
4.89	606	implemented	0x800000000027c804	flat
4.89	607	implemented	0x800000000027c700	flat
4.89	608	implemented	0x800000000027c64c	flat
4.89	609	implemented	0x800000000027b6a8	flat
4.89	610	implemented	0x800000000027ba40	flat
4.89	611	implemented	0x800000000027b8dc	flat
4.89	612	implemented	0x800000000027c4b0	flat
4.89	613	implemented	0x800000000027c3e8	flat
4.89	614	implemented	0x800000000027c28c	flat
4.89	615	implemented	0x800000000027c1d8	flat
4.89	616	implemented	0x800000000027ca68	flat
4.89	617	implemented	0x800000000027c060	flat
4.89	618	implemented	0x800000000027bf84	flat
4.89	619	implemented	0x800000000027cbdc	flat
4.89	620	implemented	0x80000000000e1158	chain_incomplete
4.89	621	implemented	0x80000000000e0254	subtable
4.89	622	implemented	0x800000000027be64	flat
4.89	623	stub	0x800000000026d2a0	flat
4.89	624	implemented	0x8000000000092d60	flat
4.89	625	implemented	0x8000000000092f0c	flat
4.89	626	implemented	0x8000000000092ff4	flat
4.89	627	implemented	0x8000000000093128	flat
4.89	628	stub	0x800000000026d2a0	flat
4.89	629	stub	0x800000000026d2a0	flat
4.89	630	implemented	0x8000000000096d94	flat
4.89	631	implemented	0x8000000000096e80	flat
4.89	632	stub	0x800000000026d2a0	flat
4.89	633	stub	0x800000000026d2a0	flat
4.89	634	stub	0x800000000026d2a0	flat
4.89	635	implemented	0x80000000000ef064	subtable
4.89	636	implemented	0x80000000000eee14	flat
4.89	637	implemented	0x80000000000eecfc	flat
4.89	638	implemented	0x80000000000ef98c	subtable
4.89	639	implemented	0x80000000000fd058	flat
4.89	640	implemented	0x80000000000fcf74	flat
4.89	641	implemented	0x80000000000fcf70	flat
4.89	642	implemented	0x80000000000fcf6c	flat
4.89	643	implemented	0x80000000000fcf68	flat
4.89	644	implemented	0x80000000000fcf64	flat
4.89	645	implemented	0x80000000000fcf60	flat
4.89	646	implemented	0x80000000000fcf5c	flat
4.89	647	implemented	0x80000000000fcf58	flat
4.89	648	implemented	0x80000000000fcf54	flat
4.89	649	implemented	0x80000000000fcf50	flat
4.89	650	implemented	0x80000000000ec7a0	flat
4.89	651	implemented	0x80000000000eca3c	flat
4.89	652	implemented	0x80000000000ec914	flat
4.89	653	implemented	0x80000000000ec3d0	flat
4.89	654	implemented	0x80000000000ecce0	flat
4.89	655	implemented	0x80000000000ecc10	flat
4.89	656	implemented	0x80000000000ecb40	flat
4.89	657	implemented	0x80000000000ec5a4	flat
4.89	658	implemented	0x80000000000ec4d4	flat
4.89	659	implemented	0x80000000000ec67c	flat
4.89	660	stub	0x800000000026d2a0	flat
4.89	661	stub	0x800000000026d2a0	flat
4.89	662	stub	0x800000000026d2a0	flat
4.89	663	stub	0x800000000026d2a0	flat
4.89	664	stub	0x800000000026d2a0	flat
4.89	665	stub	0x800000000026d2a0	flat
4.89	666	implemented	0x80000000000e9670	flat
4.89	667	implemented	0x80000000000e8fbc	flat
4.89	668	implemented	0x80000000000ea258	flat
4.89	669	implemented	0x80000000000ea144	flat
4.89	670	implemented	0x80000000000e93a4	flat
4.89	671	implemented	0x80000000000e9358	flat
4.89	672	implemented	0x80000000000e92c8	flat
4.89	673	implemented	0x80000000000e9260	flat
4.89	674	implemented	0x80000000000e9d54	chain_incomplete
4.89	675	implemented	0x80000000000e96ac	flat
4.89	676	implemented	0x80000000000e94d0	flat
4.89	677	implemented	0x80000000000e98a4	flat
4.89	678	stub	0x800000000026d2a0	flat
4.89	679	implemented	0x80000000000ea484	flat
4.89	680	implemented	0x80000000000fdaf8	flat
4.89	681	implemented	0x80000000000fd990	flat
4.89	682	implemented	0x80000000000fd8ec	flat
4.89	683	implemented	0x80000000000fd7c0	flat
4.89	684	implemented	0x80000000000fe110	flat
4.89	685	implemented	0x80000000000fe07c	flat
4.89	686	implemented	0x80000000000fdfe8	flat
4.89	687	implemented	0x80000000000fdf54	flat
4.89	688	implemented	0x80000000000fdec0	flat
4.89	689	implemented	0x80000000000fde2c	flat
4.89	690	implemented	0x80000000000fdd30	flat
4.89	691	implemented	0x80000000000fdc34	flat
4.89	692	implemented	0x80000000000fe2f0	flat
4.89	693	implemented	0x80000000000fe23c	flat
4.89	694	implemented	0x80000000000fcf4c	flat
4.89	695	implemented	0x80000000000fcf48	flat
4.89	696	implemented	0x80000000000fd0e4	subtable
4.89	697	stub	0x800000000026d2a0	flat
4.89	698	stub	0x800000000026d2a0	flat
4.89	699	stub	0x800000000026d2a0	flat
4.89	700	implemented	0x80000000001228dc	flat
4.89	701	implemented	0x8000000000122844	flat
4.89	702	implemented	0x80000000001227ac	flat
4.89	703	implemented	0x8000000000122714	flat
4.89	704	implemented	0x800000000012267c	flat
4.89	705	implemented	0x80000000001225bc	flat
4.89	706	implemented	0x8000000000122538	flat
4.89	707	implemented	0x8000000000122464	flat
4.89	708	implemented	0x80000000001223cc	flat
4.89	709	implemented	0x8000000000122334	flat
4.89	710	implemented	0x8000000000122260	flat
4.89	711	implemented	0x80000000001221a0	flat
4.89	712	implemented	0x800000000012211c	flat
4.89	713	implemented	0x800000000012203c	flat
4.89	714	implemented	0x8000000000122038	flat
4.89	715	implemented	0x8000000000121fa0	flat
4.89	716	implemented	0x8000000000121ee0	flat
4.89	717	implemented	0x8000000000121e60	flat
4.89	718	implemented	0x8000000000121e5c	flat
4.89	719	implemented	0x8000000000121e58	flat
4.89	720	implemented	0x80000000001211c4	flat
4.89	721	implemented	0x8000000000121d60	subtable
4.89	722	implemented	0x8000000000121734	subtable
4.89	723	implemented	0x8000000000121554	flat
4.89	724	implemented	0x80000000001214bc	flat
4.89	725	implemented	0x80000000001213e8	flat
4.89	726	implemented	0x80000000001211cc	flat
4.89	727	stub	0x800000000026d2a0	flat
4.89	728	stub	0x800000000026d2a0	flat
4.89	729	stub	0x800000000026d2a0	flat
4.89	730	stub	0x800000000026d2a0	flat
4.89	731	stub	0x800000000026d2a0	flat
4.89	732	stub	0x800000000026d2a0	flat
4.89	733	stub	0x800000000026d2a0	flat
4.89	734	stub	0x800000000026d2a0	flat
4.89	735	stub	0x800000000026d2a0	flat
4.89	736	stub	0x800000000026d2a0	flat
4.89	737	stub	0x800000000026d2a0	flat
4.89	738	stub	0x800000000026d2a0	flat
4.89	739	stub	0x800000000026d2a0	flat
4.89	740	stub	0x800000000026d2a0	flat
4.89	741	stub	0x800000000026d2a0	flat
4.89	742	stub	0x800000000026d2a0	flat
4.89	743	stub	0x800000000026d2a0	flat
4.89	744	stub	0x800000000026d2a0	flat
4.89	745	stub	0x800000000026d2a0	flat
4.89	746	stub	0x800000000026d2a0	flat
4.89	747	stub	0x800000000026d2a0	flat
4.89	748	stub	0x800000000026d2a0	flat
4.89	749	stub	0x800000000026d2a0	flat
4.89	750	stub	0x800000000026d2a0	flat
4.89	751	stub	0x800000000026d2a0	flat
4.89	752	stub	0x800000000026d2a0	flat
4.89	753	stub	0x800000000026d2a0	flat
4.89	754	stub	0x800000000026d2a0	flat
4.89	755	stub	0x800000000026d2a0	flat
4.89	756	stub	0x800000000026d2a0	flat
4.89	757	stub	0x800000000026d2a0	flat
4.89	758	stub	0x800000000026d2a0	flat
4.89	759	stub	0x800000000026d2a0	flat
4.89	760	stub	0x800000000026d2a0	flat
4.89	761	stub	0x800000000026d2a0	flat
4.89	762	stub	0x800000000026d2a0	flat
4.89	763	stub	0x800000000026d2a0	flat
4.89	764	stub	0x800000000026d2a0	flat
4.89	765	stub	0x800000000026d2a0	flat
4.89	766	stub	0x800000000026d2a0	flat
4.89	767	stub	0x800000000026d2a0	flat
4.89	768	stub	0x800000000026d2a0	flat
4.89	769	stub	0x800000000026d2a0	flat
4.89	770	stub	0x800000000026d2a0	flat
4.89	771	stub	0x800000000026d2a0	flat
4.89	772	stub	0x800000000026d2a0	flat
4.89	773	stub	0x800000000026d2a0	flat
4.89	774	stub	0x800000000026d2a0	flat
4.89	775	stub	0x800000000026d2a0	flat
4.89	776	stub	0x800000000026d2a0	flat
4.89	777	stub	0x800000000026d2a0	flat
4.89	778	stub	0x800000000026d2a0	flat
4.89	779	stub	0x800000000026d2a0	flat
4.89	780	stub	0x800000000026d2a0	flat
4.89	781	stub	0x800000000026d2a0	flat
4.89	782	stub	0x800000000026d2a0	flat
4.89	783	stub	0x800000000026d2a0	flat
4.89	784	stub	0x800000000026d2a0	flat
4.89	785	stub	0x800000000026d2a0	flat
4.89	786	stub	0x800000000026d2a0	flat
4.89	787	stub	0x800000000026d2a0	flat
4.89	788	stub	0x800000000026d2a0	flat
4.89	789	stub	0x800000000026d2a0	flat
4.89	790	stub	0x800000000026d2a0	flat
4.89	791	stub	0x800000000026d2a0	flat
4.89	792	stub	0x800000000026d2a0	flat
4.89	793	stub	0x800000000026d2a0	flat
4.89	794	stub	0x800000000026d2a0	flat
4.89	795	stub	0x800000000026d2a0	flat
4.89	796	stub	0x800000000026d2a0	flat
4.89	797	stub	0x800000000026d2a0	flat
4.89	798	stub	0x800000000026d2a0	flat
4.89	799	stub	0x800000000026d2a0	flat
4.89	800	implemented	0x800000000029f700	flat
4.89	801	implemented	0x80000000002a0888	flat
4.89	802	implemented	0x800000000029d33c	flat
4.89	803	implemented	0x800000000029d12c	flat
4.89	804	implemented	0x800000000029e168	flat
4.89	805	implemented	0x800000000029ce54	flat
4.89	806	implemented	0x800000000029f3f0	flat
4.89	807	implemented	0x800000000029f1ec	flat
4.89	808	implemented	0x80000000002a0570	flat
4.89	809	implemented	0x800000000029efd4	flat
4.89	810	implemented	0x800000000029cd58	flat
4.89	811	implemented	0x80000000002a0f58	flat
4.89	812	implemented	0x80000000002a1978	flat
4.89	813	implemented	0x80000000002a1480	flat
4.89	814	implemented	0x80000000002a16fc	flat
4.89	815	implemented	0x80000000002a1c84	flat
4.89	816	implemented	0x800000000029e08c	flat
4.89	817	implemented	0x800000000029e45c	flat
4.89	818	implemented	0x800000000029de38	flat
4.89	819	implemented	0x800000000029dd58	flat
4.89	820	implemented	0x800000000029edfc	flat
4.89	821	implemented	0x800000000029eb28	flat
4.89	822	implemented	0x80000000002a1f20	flat
4.89	823	implemented	0x800000000029dc38	flat
4.89	824	implemented	0x800000000029dae8	flat
4.89	825	implemented	0x800000000029d990	flat
4.89	826	implemented	0x800000000029d77c	flat
4.89	827	implemented	0x800000000029e98c	flat
4.89	828	implemented	0x800000000029e7dc	flat
4.89	829	implemented	0x800000000029d648	flat
4.89	830	stub	0x8000000000299a64	flat
4.89	831	implemented	0x80000000002a11e4	flat
4.89	832	implemented	0x800000000029c60c	flat
4.89	833	implemented	0x800000000029c518	flat
4.89	834	implemented	0x80000000002a02e4	flat
4.89	835	implemented	0x800000000029cb6c	flat
4.89	836	implemented	0x80000000002a005c	flat
4.89	837	implemented	0x800000000029fd54	flat
4.89	838	implemented	0x800000000029fb98	flat
4.89	839	implemented	0x800000000029faa0	flat
4.89	840	implemented	0x800000000029f950	flat
4.89	841	implemented	0x800000000029c7fc	flat
4.89	842	implemented	0x800000000029d4ac	flat
4.89	843	implemented	0x800000000029a01c	flat
4.89	844	implemented	0x8000000000299eec	flat
4.89	845	implemented	0x800000000029b6ec	flat
4.89	846	implemented	0x800000000029b60c	flat
4.89	847	implemented	0x800000000029cc54	flat
4.89	848	stub	0x800000000026d2a0	flat
4.89	849	stub	0x800000000026d2a0	flat
4.89	850	stub	0x800000000026d2a0	flat
4.89	851	stub	0x800000000026d2a0	flat
4.89	852	stub	0x800000000026d2a0	flat
4.89	853	stub	0x800000000026d2a0	flat
4.89	854	stub	0x800000000026d2a0	flat
4.89	855	stub	0x800000000026d2a0	flat
4.89	856	stub	0x800000000026d2a0	flat
4.89	857	stub	0x800000000026d2a0	flat
4.89	858	stub	0x800000000026d2a0	flat
4.89	859	stub	0x800000000026d2a0	flat
4.89	860	implemented	0x80000000002266b8	flat
4.89	861	implemented	0x80000000002207ac	subtable
4.89	862	implemented	0x8000000000213688	subtable
4.89	863	implemented	0x8000000000220be4	subtable
4.89	864	implemented	0x80000000002267ac	subtable
4.89	865	implemented	0x80000000002287d4	flat
4.89	866	implemented	0x8000000000228940	flat
4.89	867	implemented	0x80000000002294dc	subtable
4.89	868	implemented	0x800000000022b91c	subtable
4.89	869	implemented	0x800000000022e980	flat
4.89	870	implemented	0x800000000022b6c0	flat
4.89	871	implemented	0x80000000002304e8	chain_incomplete
4.89	872	implemented	0x800000000022b600	flat
4.89	873	implemented	0x80000000002263e8	flat
4.89	874	implemented	0x80000000002264e0	flat
4.89	875	implemented	0x80000000002265cc	flat
4.89	876	implemented	0x8000000000230b5c	flat
4.89	877	implemented	0x8000000000231830	flat
4.89	878	implemented	0x80000000002321b8	flat
4.89	879	implemented	0x8000000000232d04	flat
4.89	880	stub	0x800000000026d2a0	flat
4.89	881	stub	0x800000000026d2a0	flat
4.89	882	stub	0x800000000026d2a0	flat
4.89	883	stub	0x800000000026d2a0	flat
4.89	884	stub	0x800000000026d2a0	flat
4.89	885	stub	0x800000000026d2a0	flat
4.89	886	stub	0x800000000026d2a0	flat
4.89	887	stub	0x800000000026d2a0	flat
4.89	888	stub	0x800000000026d2a0	flat
4.89	889	stub	0x800000000026d2a0	flat
4.89	890	stub	0x800000000026d2a0	flat
4.89	891	stub	0x800000000026d2a0	flat
4.89	892	stub	0x800000000026d2a0	flat
4.89	893	stub	0x800000000026d2a0	flat
4.89	894	stub	0x800000000026d2a0	flat
4.89	895	stub	0x800000000026d2a0	flat
4.89	896	stub	0x800000000026d2a0	flat
4.89	897	stub	0x800000000026d2a0	flat
4.89	898	stub	0x800000000026d2a0	flat
4.89	899	stub	0x800000000026d2a0	flat
4.89	900	implemented	0x80000000000906b0	flat
4.89	901	stub	0x800000000026d2a0	flat
4.89	902	implemented	0x8000000000090b28	flat
4.89	903	implemented	0x800000000009146c	flat
4.89	904	stub	0x800000000026d2a0	flat
4.89	905	stub	0x800000000026d2a0	flat
4.89	906	implemented	0x800000000008fb60	flat
4.89	907	stub	0x800000000026d2a0	flat
4.89	908	stub	0x800000000026d2a0	flat
4.89	909	implemented	0x8000000000090da0	flat
4.89	910	implemented	0x8000000000090d5c	flat
4.89	911	implemented	0x80000000000916b0	flat
4.89	912	stub	0x800000000026d2a0	flat
4.89	913	stub	0x800000000026d2a0	flat
4.89	914	implemented	0x8000000000091ae4	flat
4.89	915	stub	0x800000000026d2a0	flat
4.89	916	stub	0x800000000026d2a0	flat
4.89	917	stub	0x800000000026d2a0	flat
4.89	918	stub	0x800000000026d2a0	flat
4.89	919	stub	0x800000000026d2a0	flat
4.89	920	stub	0x800000000026d2a0	flat
4.89	921	stub	0x800000000026d2a0	flat
4.89	922	stub	0x800000000026d2a0	flat
4.89	923	stub	0x800000000026d2a0	flat
4.89	924	stub	0x800000000026d2a0	flat
4.89	925	stub	0x800000000026d2a0	flat
4.89	926	stub	0x800000000026d2a0	flat
4.89	927	stub	0x800000000026d2a0	flat
4.89	928	stub	0x800000000026d2a0	flat
4.89	929	stub	0x800000000026d2a0	flat
4.89	930	stub	0x800000000026d2a0	flat
4.89	931	stub	0x800000000026d2a0	flat
4.89	932	stub	0x800000000026d2a0	flat
4.89	933	implemented	0x800000000008cf20	flat
4.89	934	stub	0x800000000026d2a0	flat
4.89	935	implemented	0x800000000008e088	flat
4.89	936	stub	0x800000000026d2a0	flat
4.89	937	implemented	0x800000000008dd40	flat
4.89	938	stub	0x800000000026d2a0	flat
4.89	939	stub	0x800000000026d2a0	flat
4.89	940	stub	0x800000000026d2a0	flat
4.89	941	implemented	0x800000000008da9c	flat
4.89	942	stub	0x800000000026d2a0	flat
4.89	943	implemented	0x800000000008d778	flat
4.89	944	implemented	0x800000000008e5cc	flat
4.89	945	implemented	0x800000000008e7f4	flat
4.89	946	stub	0x800000000026d2a0	flat
4.89	947	implemented	0x800000000008d4f4	flat
4.89	948	stub	0x800000000026d2a0	flat
4.89	949	stub	0x800000000026d2a0	flat
4.89	950	stub	0x800000000026d2a0	flat
4.89	951	implemented	0x800000000008e330	flat
4.89	952	stub	0x800000000026d2a0	flat
4.89	953	stub	0x800000000026d2a0	flat
4.89	954	stub	0x800000000026d2a0	flat
4.89	955	stub	0x800000000026d2a0	flat
4.89	956	stub	0x800000000026d2a0	flat
4.89	957	implemented	0x8000000000091ae8	flat
4.89	958	stub	0x800000000026d2a0	flat
4.89	959	implemented	0x8000000000092050	flat
4.89	960	stub	0x800000000026d2a0	flat
4.89	961	stub	0x800000000026d2a0	flat
4.89	962	stub	0x800000000026d2a0	flat
4.89	963	stub	0x800000000026d2a0	flat
4.89	964	stub	0x800000000026d2a0	flat
4.89	965	stub	0x800000000026d2a0	flat
4.89	966	stub	0x800000000026d2a0	flat
4.89	967	stub	0x800000000026d2a0	flat
4.89	968	stub	0x800000000026d2a0	flat
4.89	969	stub	0x800000000026d2a0	flat
4.89	970	stub	0x800000000026d2a0	flat
4.89	971	implemented	0x800000000008d1cc	flat
4.89	972	implemented	0x8000000000091f7c	flat
4.89	973	stub	0x800000000026d2a0	flat
4.89	974	implemented	0x8000000000090530	flat
4.89	975	implemented	0x800000000009017c	flat
4.89	976	implemented	0x8000000000089058	flat
4.89	977	implemented	0x8000000000089a10	flat
4.89	978	implemented	0x80000000000898cc	flat
4.89	979	implemented	0x800000000008979c	flat
4.89	980	implemented	0x8000000000089688	flat
4.89	981	implemented	0x8000000000089430	flat
4.89	982	implemented	0x80000000000892c4	flat
4.89	983	implemented	0x80000000000891b0	flat
4.89	984	implemented	0x8000000000088f78	flat
4.89	985	implemented	0x8000000000089ae0	flat
4.89	986	implemented	0x8000000000089c00	flat
4.89	987	implemented	0x800000000008c880	flat
4.89	988	implemented	0x8000000000277688	flat
4.89	989	implemented	0x80000000000921c4	flat
4.89	990	stub	0x800000000026d2a0	flat
4.89	991	stub	0x800000000026d2a0	flat
4.89	992	stub	0x800000000026d2a0	flat
4.89	993	stub	0x800000000026d2a0	flat
4.89	994	stub	0x800000000026d2a0	flat
4.89	995	stub	0x800000000026d2a0	flat
4.89	996	stub	0x800000000026d2a0	flat
4.89	997	stub	0x800000000026d2a0	flat
4.89	998	stub	0x800000000026d2a0	flat
4.89	999	stub	0x800000000026d2a0	flat
4.89	1000	stub	0x800000000026d2a0	flat
4.89	1001	stub	0x800000000026d2a0	flat
4.89	1002	stub	0x800000000026d2a0	flat
4.89	1003	stub	0x800000000026d2a0	flat
4.89	1004	stub	0x800000000026d2a0	flat
4.89	1005	stub	0x800000000026d2a0	flat
4.89	1006	stub	0x800000000026d2a0	flat
4.89	1007	stub	0x800000000026d2a0	flat
4.89	1008	stub	0x800000000026d2a0	flat
4.89	1009	stub	0x800000000026d2a0	flat
4.89	1010	stub	0x800000000026d2a0	flat
4.89	1011	stub	0x800000000026d2a0	flat
4.89	1012	stub	0x800000000026d2a0	flat
4.89	1013	stub	0x800000000026d2a0	flat
4.89	1014	stub	0x800000000026d2a0	flat
4.89	1015	stub	0x800000000026d2a0	flat
4.89	1016	stub	0x800000000026d2a0	flat
4.89	1017	stub	0x800000000026d2a0	flat
4.89	1018	stub	0x800000000026d2a0	flat
4.89	1019	stub	0x800000000026d2a0	flat
4.89	1020	stub	0x800000000026d2a0	flat
4.89	1021	stub	0x800000000026d2a0	flat
4.89	1022	stub	0x800000000026d2a0	flat
4.89	1023	stub	0x800000000026d2a0	flat
