ordinal	packet	same_as	selector_slot	provenance_kind	provenance_ref	witness	exception	arm_source
1	none	none	none	unestablished	none	crates/cellgov_lv2/src/host/process/tests/dispatch_tests.rs:getpid_and_getppid_answer_for_the_calling_process	none	crates/cellgov_lv2/src/host/process/dispatch.rs
4	none	none	none	unestablished	none	crates/cellgov_core/src/runtime/tests/process_spawn_tests.rs:child_exit_finishes_only_the_child_process	none	crates/cellgov_lv2/src/host/process/dispatch.rs
12	none	none	none	unestablished	none	crates/cellgov_lv2/src/host/tests/hardware_trace_tests.rs:process_object_counts_rise_on_create_and_fall_on_destroy	none	crates/cellgov_lv2/src/host/process/dispatch.rs
14	none	none	none	non_public	none	crates/cellgov_lv2/src/host/dispatch_route/tests/route_process_spu_tests.rs:process_is_spu_lock_line_reservation_address_private_spu_rejects_raw_flag	none	crates/cellgov_lv2/src/host/process/dispatch.rs
18	none	none	none	unestablished	none	crates/cellgov_lv2/src/host/process/tests/dispatch_tests.rs:getpid_and_getppid_answer_for_the_calling_process	none	crates/cellgov_lv2/src/host/process/dispatch.rs
21	none	none	none	citation	CBE-Handbook:p:397	crates/cellgov_core/src/runtime/tests/process_spawn_tests.rs:spawn_creates_child_space_unit_and_pid	none	crates/cellgov_lv2/src/host/process/dispatch.rs
22	none	none	none	unestablished	none	crates/cellgov_core/src/runtime/tests/process_spawn_tests.rs:child_exit_finishes_only_the_child_process	none	crates/cellgov_lv2/src/host/process/dispatch.rs
25	none	none	none	console_capture	ps3autotests:sys_process	crates/cellgov_lv2/src/host/tests/hardware_trace_tests.rs:process_get_sdk_version_answers_the_word_a_retail_console_answers	none	crates/cellgov_lv2/src/host/process/dispatch.rs
26	none	none	none	firmware_reading	liblv2.sprx	crates/cellgov_core/src/runtime/tests/process_spawn_tests.rs:boot_process_exit2_with_empty_argv_finishes_the_run	none	crates/cellgov_lv2/src/host/process/dispatch.rs
27	none	none	none	citation	CBE-Handbook:p:397	crates/cellgov_core/src/runtime/tests/process_spawn_tests.rs:spawn_creates_child_space_unit_and_pid	none	crates/cellgov_lv2/src/host/process/dispatch.rs
30	none	none	none	console_capture	ps3autotests:sys_process	crates/cellgov_lv2/src/host/tests/hardware_trace_tests.rs:process_get_paramsfo_answers_the_sixty_four_bytes_a_console_answers	none	crates/cellgov_lv2/src/host/process/dispatch.rs
31	none	none	none	unestablished	none	none	none	crates/cellgov_lv2/src/host/process/dispatch.rs
41	none	none	none	unestablished	none	crates/cellgov_lv2/src/host/tests/ppu_thread_tests.rs:ppu_thread_exit_wakes_join_waiters	none	crates/cellgov_lv2/src/host/ppu_thread.rs
43	none	none	none	unestablished	none	crates/cellgov_lv2/src/host/dispatch_route/tests/route_process_spu_tests.rs:ppu_thread_yield_is_no_op_returning_ok	none	crates/cellgov_lv2/src/host/dispatch_route/inline_arms.rs
44	none	none	none	non_public	none	crates/cellgov_lv2/src/host/tests/ppu_thread_tests.rs:ppu_thread_join_running_target_blocks_and_records_waiter	none	crates/cellgov_lv2/src/host/ppu_thread.rs
47	none	none	none	non_public	none	crates/cellgov_lv2/src/host/tests/ppu_thread_priority_tests.rs:the_range_bounds_are_inclusive	none	crates/cellgov_lv2/src/host/dispatch_route/unsupported_arms/thread.rs
48	none	none	none	non_public	none	crates/cellgov_lv2/src/host/dispatch_route/tests/route_process_spu_tests.rs:syscall_48_writes_tracked_priority_to_priop	none	crates/cellgov_lv2/src/host/dispatch_route/unsupported_arms/thread.rs
52	none	none	none	firmware_reading	liblv2.sprx	crates/cellgov_lv2/src/host/tests/ppu_thread_tests.rs:ppu_thread_create_returns_dispatch_with_allocated_stack	none	crates/cellgov_lv2/src/host/ppu_thread.rs
53	none	none	none	unestablished	none	crates/cellgov_lv2/src/host/dispatch_route/tests/route_thread_start_tests.rs:ppu_thread_start_on_an_unknown_thread_id_is_esrch	none	crates/cellgov_lv2/src/host/dispatch_route/inline_arms.rs
70	none	none	none	unestablished	none	none	none	crates/cellgov_lv2/src/host/dispatch_route/inline_arms.rs
71	none	none	none	unestablished	none	none	none	crates/cellgov_lv2/src/host/dispatch_route/inline_arms.rs
82	none	none	none	console_capture	ps3autotests:sys_event_flag	crates/cellgov_lv2/src/host/tests/event_flag_tests.rs:event_flag_create_stores_init_bits	none	crates/cellgov_lv2/src/host/event_flag.rs
83	none	none	none	console_capture	ps3autotests:sys_event_flag	crates/cellgov_lv2/src/host/tests/hardware_trace_tests.rs:event_flag_destroy_of_an_already_destroyed_id_answers_esrch	none	crates/cellgov_lv2/src/host/event_flag.rs
85	none	none	none	console_capture	ps3autotests:sys_event_flag	crates/cellgov_lv2/src/host/tests/event_flag_tests.rs:event_flag_wait_no_match_parks_caller	none	crates/cellgov_lv2/src/host/event_flag.rs
86	none	none	none	console_capture	ps3autotests:sys_event_flag	crates/cellgov_lv2/src/host/tests/expire_tests.rs:event_flag_error_and_busy_exits_zero_a_nonnull_result_ptr	none	crates/cellgov_lv2/src/host/event_flag.rs
87	none	none	none	console_capture	ps3autotests:sys_event_flag	crates/cellgov_lv2/src/host/tests/event_flag_tests.rs:event_flag_set_wakes_matching_waiters_in_fifo_order	none	crates/cellgov_lv2/src/host/event_flag.rs
90	none	none	none	console_capture	ps3autotests:sys_semaphore	crates/cellgov_lv2/src/host/tests/hardware_trace_tests.rs:semaphore_create_rejects_the_four_bound_violations_the_console_rejects	none	crates/cellgov_lv2/src/host/semaphore.rs
91	none	none	none	console_capture	ps3autotests:sys_semaphore	crates/cellgov_lv2/src/host/tests/hardware_trace_tests.rs:semaphore_destroy_of_an_already_destroyed_id_answers_esrch	none	crates/cellgov_lv2/src/host/semaphore.rs
92	none	none	none	console_capture	ps3autotests:sys_semaphore	crates/cellgov_lv2/src/host/tests/semaphore_tests.rs:semaphore_wait_with_zero_count_parks_caller	none	crates/cellgov_lv2/src/host/semaphore.rs
93	none	none	none	console_capture	ps3autotests:sys_semaphore	crates/cellgov_lv2/src/host/tests/semaphore_tests.rs:semaphore_trywait_with_zero_count_returns_ebusy	none	crates/cellgov_lv2/src/host/semaphore.rs
94	none	none	none	console_capture	ps3autotests:sys_semaphore	crates/cellgov_lv2/src/host/tests/hardware_trace_tests.rs:semaphore_post_wakes_no_more_waiters_than_its_count	none	crates/cellgov_lv2/src/host/semaphore.rs
95	none	none	none	unestablished	none	crates/cellgov_lv2/src/host/tests/lwmutex_tests.rs:lwmutex_create_allocates_monotonic_ids_starting_at_one	none	crates/cellgov_lv2/src/host/lwmutex.rs
96	none	none	none	non_public	none	crates/cellgov_lv2/src/host/tests/lwmutex_tests.rs:lwmutex_destroy_with_waiter_returns_ebusy	none	crates/cellgov_lv2/src/host/lwmutex.rs
97	none	none	none	non_public	none	crates/cellgov_lv2/src/host/tests/lwmutex_tests.rs:lwmutex_lock_contended_parks_caller_on_waiter_list	none	crates/cellgov_lv2/src/host/lwmutex.rs
98	none	none	none	non_public	none	crates/cellgov_lv2/src/host/tests/lwmutex_tests.rs:lwmutex_unlock_with_three_waiters_wakes_head_in_fifo_order	none	crates/cellgov_lv2/src/host/lwmutex.rs
99	none	none	none	non_public	none	crates/cellgov_lv2/src/host/tests/lwmutex_tests.rs:lwmutex_trylock_contended_returns_ebusy_and_does_not_park	none	crates/cellgov_lv2/src/host/lwmutex.rs
100	none	none	none	non_public	none	crates/cellgov_lv2/src/host/tests/mutex_tests.rs:mutex_create_decodes_attr_ptr	none	crates/cellgov_lv2/src/host/mutex.rs
101	none	none	none	unestablished	none	none	none	crates/cellgov_lv2/src/host/mutex.rs
102	none	none	none	non_public	none	crates/cellgov_lv2/src/host/tests/mutex_tests.rs:a_recursive_relock_returns_ok_and_needs_matching_unlocks_before_the_waiter_wakes	none	crates/cellgov_lv2/src/host/mutex.rs
103	none	none	none	unestablished	none	crates/cellgov_lv2/src/host/tests/mutex_tests.rs:mutex_trylock_contended_returns_ebusy_and_does_not_park	none	crates/cellgov_lv2/src/host/mutex.rs
104	none	none	none	non_public	none	crates/cellgov_lv2/src/host/tests/mutex_tests.rs:mutex_lock_contended_blocks_and_unlock_wakes	none	crates/cellgov_lv2/src/host/mutex.rs
105	none	none	none	unestablished	none	crates/cellgov_lv2/src/host/tests/cond_lifecycle_tests.rs:cond_create_writes_id_and_binds_mutex	none	crates/cellgov_lv2/src/host/cond.rs
106	none	none	none	unestablished	none	crates/cellgov_lv2/src/host/tests/cond_lifecycle_tests.rs:cond_destroy_with_waiter_returns_ebusy	none	crates/cellgov_lv2/src/host/cond.rs
107	none	none	none	unestablished	none	crates/cellgov_lv2/src/host/tests/cond_wait_tests.rs:cond_wait_transfers_mutex_to_waiter_via_block_and_wake	none	crates/cellgov_lv2/src/host/cond.rs
108	none	none	none	unestablished	none	crates/cellgov_lv2/src/host/tests/cond_signal_tests.rs:cond_signal_reparks_waiter_on_mutex_when_held	none	crates/cellgov_lv2/src/host/cond.rs
109	none	none	none	unestablished	none	crates/cellgov_lv2/src/host/tests/cond_broadcast_tests.rs:cond_signal_all_wakes_first_reparks_rest_when_mutex_free	none	crates/cellgov_lv2/src/host/cond.rs
110	none	none	none	unestablished	none	crates/cellgov_lv2/src/host/tests/cond_signal_tests.rs:cond_signal_to_targets_specific_waiter_and_preserves_order	none	crates/cellgov_lv2/src/host/cond.rs
114	none	none	none	console_capture	ps3autotests:sys_semaphore	crates/cellgov_lv2/src/host/tests/semaphore_tests.rs:semaphore_get_value_writes_current_count	none	crates/cellgov_lv2/src/host/semaphore.rs
118	none	none	none	console_capture	ps3autotests:sys_event_flag	crates/cellgov_lv2/src/host/tests/hardware_trace_tests.rs:event_flag_clear_keeps_the_bits_its_argument_names	none	crates/cellgov_lv2/src/host/event_flag.rs
120	none	none	none	unestablished	none	none	none	crates/cellgov_lv2/src/host/dispatch_route/inline_arms.rs
121	none	none	none	unestablished	none	none	none	crates/cellgov_lv2/src/host/dispatch_route/inline_arms.rs
128	none	none	none	non_public	none	crates/cellgov_lv2/src/host/tests/system_ipc_witness_tests.rs:a_second_keyed_create_on_the_same_key_is_eexist	none	crates/cellgov_lv2/src/host/event_queue.rs
129	none	none	none	unestablished	none	crates/cellgov_lv2/src/host/tests/event_queue_tests.rs:event_queue_destroy_with_waiters_returns_ebusy	none	crates/cellgov_lv2/src/host/event_queue.rs
130	none	none	none	firmware_reading	libaudio.prx	crates/cellgov_lv2/src/host/tests/event_queue_tests.rs:event_queue_receive_with_buffered_payload_delivers_immediately	none	crates/cellgov_lv2/src/host/event_queue.rs
131	none	none	none	unestablished	none	crates/cellgov_lv2/src/host/tests/event_queue_tests.rs:event_queue_tryreceive_batch_drains_payloads	none	crates/cellgov_lv2/src/host/event_queue.rs
132	none	none	none	console_capture	ps3autotests:sys_event_flag	crates/cellgov_lv2/src/host/tests/expire_tests.rs:event_flag_cancel_reports_the_pattern_through_each_result_ptr	none	crates/cellgov_lv2/src/host/event_flag.rs
134	none	none	none	non_public	none	crates/cellgov_lv2/src/host/tests/event_queue_tests.rs:event_port_send_with_no_waiters_enqueues_payload	none	crates/cellgov_lv2/src/host/event_queue.rs
135	none	none	none	unestablished	none	none	none	crates/cellgov_lv2/src/host/event_queue.rs
136	none	none	none	non_public	none	crates/cellgov_lv2/src/host/dispatch_route/tests/route_stub_tests.rs:syscall_136_event_port_connect_local_on_unknown_ids_returns_esrch	none	crates/cellgov_lv2/src/host/event_queue.rs
137	none	none	none	unestablished	none	crates/cellgov_lv2/src/host/dispatch_route/tests/unsupported_arg_width_tests.rs:every_unsupported_u32_slot_admits_a_register_whose_high_word_is_clear	none	crates/cellgov_lv2/src/host/event_queue.rs
138	none	none	none	unestablished	none	crates/cellgov_lv2/src/host/tests/event_queue_tests.rs:event_port_send_with_parked_waiter_emits_wake_and_return_with_payload	none	crates/cellgov_lv2/src/host/event_queue.rs
139	none	none	none	console_capture	ps3autotests:sys_event_flag	crates/cellgov_lv2/src/host/tests/hardware_trace_tests.rs:event_flag_set_ors_its_argument_into_the_pattern	none	crates/cellgov_lv2/src/host/event_flag.rs
140	none	none	none	unestablished	none	crates/cellgov_lv2/src/host/tests/system_ipc_witness_tests.rs:connect_ipc_resolves_a_namespace_key_and_bumps_the_connect_witness	none	crates/cellgov_lv2/src/host/event_queue.rs
144	none	none	none	unestablished	none	crates/cellgov_lv2/src/host/dispatch_route/tests/route_io_time_tests.rs:time_get_timezone_writes_zero_through_both_out_pointers	none	crates/cellgov_lv2/src/host/dispatch_route/inline_arms.rs
145	none	none	none	unestablished	none	crates/cellgov_lv2/src/host/dispatch_route/tests/route_io_time_tests.rs:time_get_current_time_splits_at_billion_tick	none	crates/cellgov_lv2/src/host/dispatch_route/inline_arms.rs
147	none	none	none	unestablished	none	crates/cellgov_lv2/src/host/dispatch_route/tests/route_io_time_tests.rs:time_get_timebase_frequency_returns_cell_ppu_timebase_hz	none	crates/cellgov_lv2/src/host/dispatch_route/inline_arms.rs
156	none	none	none	unestablished	none	crates/cellgov_lv2/src/host/tests/spu_tests.rs:image_open_writes_struct_and_returns_cell_ok	none	crates/cellgov_lv2/src/host/spu.rs
158	none	none	none	unestablished	none	crates/cellgov_lv2/src/host/tests/spu_tests.rs:image_import_registers_distinct_entries_per_type_id_img_ptr	none	crates/cellgov_lv2/src/host/spu.rs
169	none	none	none	non_public	none	crates/cellgov_lv2/src/host/dispatch_route/tests/route_process_spu_tests.rs:spu_initialize_rejects_max_raw_above_five	fabricated_success	crates/cellgov_lv2/src/host/process/dispatch.rs
170	none	none	none	unestablished	none	crates/cellgov_lv2/src/host/tests/spu_tests.rs:group_create_allocates_id_and_writes_to_guest	none	crates/cellgov_lv2/src/host/spu.rs
171	none	none	none	non_public	none	crates/cellgov_lv2/src/host/dispatch_route/tests/route_process_spu_tests.rs:spu_thread_group_destroy_created_group_returns_ok	none	crates/cellgov_lv2/src/host/spu.rs
172	none	none	none	non_public	none	crates/cellgov_lv2/src/host/tests/spu_user_image_tests.rs:a_user_image_is_snapshotted_at_initialize_and_loaded_at_group_start	none	crates/cellgov_lv2/src/host/spu.rs
173	none	none	none	citation	CBE-Handbook:p:421	crates/cellgov_lv2/src/host/tests/spu_tests.rs:group_start_returns_register_spu_with_inits	none	crates/cellgov_lv2/src/host/spu.rs
177	none	none	none	unestablished	none	crates/cellgov_lv2/src/host/dispatch_route/tests/route_stub_tests.rs:spu_thread_group_terminate_logs_invariant_break_and_returns_enosys	none	crates/cellgov_lv2/src/host/dispatch_route/inline_arms.rs
178	none	none	none	non_public	none	crates/cellgov_lv2/src/host/tests/spu_tests.rs:a_finished_group_join_with_null_status_writes_cause_only_and_returns_efault	none	crates/cellgov_lv2/src/host/spu.rs
190	none	none	none	unestablished	none	crates/cellgov_explore/tests/lv2_mailbox_wake.rs:the_handler_sends_a_message_the_senders_own_step_never_names	none	crates/cellgov_lv2/src/host/spu.rs
324	none	341	none	firmware_reading	libsysmodule.sprx	crates/cellgov_lv2/src/host/dispatch_route/tests/route_memory_tests.rs:syscall_324_writes_fresh_cid_to_out_ptr	none	crates/cellgov_lv2/src/host/dispatch_route/unsupported_arms/memory.rs
330	none	none	none	firmware_reading	liblv2.sprx	crates/cellgov_lv2/src/host/dispatch_route/tests/route_memory_tests.rs:syscall_330_writes_monotonic_256mib_aligned_address	none	crates/cellgov_lv2/src/host/dispatch_route/unsupported_arms/memory.rs
332	none	none	none	firmware_reading	liblv2.sprx	crates/cellgov_lv2/src/host/dispatch_route/tests/route_memory_tests.rs:syscall_332_argument_refusals_outrank_a_null_mem_id	none	crates/cellgov_lv2/src/host/dispatch_route/unsupported_arms/memory.rs
334	none	none	none	unestablished	none	crates/cellgov_lv2/src/host/dispatch_route/tests/route_memory_tests.rs:syscall_332_then_334_records_pending_region_install	none	crates/cellgov_lv2/src/host/dispatch_route/unsupported_arms/memory.rs
337	none	none	none	non_public	none	crates/cellgov_lv2/src/host/dispatch_route/tests/route_memory_tests.rs:syscall_332_then_337_searches_installs_and_writes_back_found_addr	none	crates/cellgov_lv2/src/host/dispatch_route/unsupported_arms/memory.rs
339	none	none	none	firmware_reading	dev_flash/sys/external	crates/cellgov_lv2/src/host/dispatch_route/tests/route_mmapper_ext_tests.rs:the_size_and_flag_gates_fire_before_the_entry_table_is_read	none	crates/cellgov_lv2/src/host/dispatch_route/unsupported_arms/memory.rs
341	none	324	none	firmware_reading	libsysmodule.sprx	crates/cellgov_lv2/src/host/tests/memory_tests.rs:memory_container_create_writes_monotonic_id	none	crates/cellgov_lv2/src/host/dispatch_route/unsupported_arms/memory.rs
348	none	none	none	unestablished	none	crates/cellgov_lv2/src/host/tests/memory_tests.rs:memory_allocate_returns_aligned_sequential_addresses	none	crates/cellgov_lv2/src/host/memory.rs
349	none	none	none	unestablished	none	crates/cellgov_lv2/src/host/tests/memory_tests.rs:memory_free_is_noop_stub	fabricated_success	crates/cellgov_lv2/src/host/dispatch_route/inline_arms.rs
350	none	none	none	firmware_reading	libaudio.prx	crates/cellgov_lv2/src/host/tests/memory_container_tests.rs:an_unknown_container_id_is_esrch_after_the_argument_gates	none	crates/cellgov_lv2/src/host/memory.rs
352	none	none	none	non_public	none	crates/cellgov_lv2/src/host/tests/memory_tests.rs:user_memory_size_available_falls_with_allocation	none	crates/cellgov_lv2/src/host/dispatch_route/inline_arms.rs
362	none	none	none	unestablished	none	crates/cellgov_lv2/src/host/dispatch_route/tests/route_memory_tests.rs:syscall_362_records_handle_keyed_on_mem_id	none	crates/cellgov_lv2/src/host/dispatch_route/unsupported_arms/memory.rs
367	none	none	none	firmware_reading	vsh.self	crates/cellgov_lv2/src/host/uart/tests/uart_tests.rs:initialize_needs_root_and_claims_the_uart_once	none	crates/cellgov_lv2/src/host/uart/syscalls.rs
368	none	none	none	firmware_reading	vsh.self	crates/cellgov_lv2/src/host/uart/tests/uart_tests.rs:a_blocking_receive_parks_and_the_next_send_wakes_it_with_the_reply	none	crates/cellgov_lv2/src/host/uart/syscalls.rs
369	none	none	none	firmware_reading	vsh.self	crates/cellgov_lv2/src/host/uart/tests/uart_reader_queue_tests.rs:one_send_serves_two_parked_readers_in_park_order	none	crates/cellgov_lv2/src/host/uart/syscalls.rs
370	none	none	none	unestablished	none	crates/cellgov_lv2/src/host/uart/tests/uart_tests.rs:get_params_reports_both_ring_sizes	none	crates/cellgov_lv2/src/host/uart/syscalls.rs
402	none	none	none	non_public	none	crates/cellgov_lv2/src/host/dispatch_route/tests/route_io_time_tests.rs:tty_read_returns_eio	none	crates/cellgov_lv2/src/host/dispatch_route/unsupported_arms/misc.rs
403	none	none	none	unestablished	none	crates/cellgov_lv2/src/host/dispatch_route/tests/route_io_time_tests.rs:tty_write_writes_nwritten_and_returns_ok	none	crates/cellgov_lv2/src/host/dispatch_route/helpers.rs
462	none	none	none	firmware_reading	liblv2.sprx	crates/cellgov_lv2/src/host/dispatch_route/tests/route_prx_tests.rs:syscall_462_returns_enosys	none	crates/cellgov_lv2/src/host/dispatch_route/unsupported_arms/misc.rs
480	none	497	none	unestablished	none	crates/cellgov_lv2/src/host/dispatch_route/tests/route_prx_tests.rs:syscall_480_firmware_miss_registers_stub_and_start_reaches_sentinel	none	crates/cellgov_lv2/src/host/dispatch_route/helpers.rs
481	cmd	none	none	firmware_reading	liblv2.sprx	crates/cellgov_lv2/src/host/dispatch_route/tests/route_prx_tests.rs:prx_start_handshake_marks_started_and_blocks_unload	none	crates/cellgov_lv2/src/host/dispatch_route/unsupported_arms/prx/lifecycle.rs
482	cmd	none	none	firmware_reading	liblv2.sprx	crates/cellgov_lv2/src/host/dispatch_route/tests/route_prx_tests.rs:syscall_482_full_handshake_unblocks_unload	none	crates/cellgov_lv2/src/host/dispatch_route/unsupported_arms/prx/lifecycle.rs
483	none	none	none	non_public	none	crates/cellgov_lv2/src/host/dispatch_route/tests/route_prx_tests.rs:prx_unload_module_unstarted_withdraws_with_ok	none	crates/cellgov_lv2/src/host/dispatch_route/unsupported_arms/prx/lifecycle.rs
484	none	none	none	non_public	none	crates/cellgov_lv2/src/host/dispatch_route/tests/register_module_tests.rs:a_coreos_caller_binds_its_got_slot_to_the_exporter_opd	none	crates/cellgov_lv2/src/host/dispatch_route/unsupported_arms/prx/register.rs
486	none	none	none	non_public	none	crates/cellgov_lv2/src/host/dispatch_route/tests/route_prx_tests.rs:syscall_486_null_library_is_efault_not_a_fabricated_ok	none	crates/cellgov_lv2/src/host/dispatch_route/unsupported_arms/prx/register.rs
494	none	none	none	non_public	none	crates/cellgov_lv2/src/host/dispatch_route/tests/route_prx_tests.rs:syscall_494_walks_registry_writing_ids_and_count	none	crates/cellgov_lv2/src/host/dispatch_route/unsupported_arms/prx/query.rs
497	none	480	none	unestablished	none	crates/cellgov_lv2/src/host/dispatch_route/tests/route_prx_tests.rs:syscall_497_routes_through_same_resolver_as_480	none	crates/cellgov_lv2/src/host/dispatch_route/helpers.rs
512	none	none	none	unestablished	none	crates/cellgov_lv2/src/host/dispatch_route/tests/route_stub_tests.rs:syscall_512_returns_zero_non_root	none	crates/cellgov_lv2/src/host/dispatch_route/unsupported_arms/misc.rs
516	none	none	none	non_public	none	crates/cellgov_lv2/src/host/config/tests/config_tests.rs:open_writes_a_handle_and_seeds_both_pad_manager_services	none	crates/cellgov_lv2/src/host/config/syscalls.rs
517	none	none	none	unestablished	none	crates/cellgov_lv2/src/host/config/tests/config_tests.rs:close_stops_record_reads_but_not_delivery	none	crates/cellgov_lv2/src/host/config/syscalls.rs
518	none	none	none	non_public	none	crates/cellgov_lv2/src/host/config/tests/config_tests.rs:get_service_event_writes_the_record	none	crates/cellgov_lv2/src/host/config/syscalls.rs
519	none	none	none	non_public	none	crates/cellgov_lv2/src/host/config/tests/config_tests.rs:a_pad_manager_listener_leading_with_01_is_replayed_the_seeded_service	none	crates/cellgov_lv2/src/host/config/syscalls.rs
520	none	none	none	unestablished	none	crates/cellgov_lv2/src/host/config/tests/config_tests.rs:removing_a_listener_drops_its_records_and_collects_the_dead_service	none	crates/cellgov_lv2/src/host/config/syscalls.rs
521	none	none	none	non_public	none	crates/cellgov_lv2/src/host/config/tests/config_tests.rs:a_once_listener_hears_one_registration_and_a_repeating_one_hears_each	none	crates/cellgov_lv2/src/host/config/syscalls.rs
522	none	none	none	non_public	none	crates/cellgov_lv2/src/host/config/tests/config_tests.rs:unregister_notifies_with_registered_zero_and_writes_the_short_record	none	crates/cellgov_lv2/src/host/config/syscalls.rs
530	none	none	none	unestablished	none	crates/cellgov_lv2/src/host/tests/usbd_tests.rs:initialize_mints_a_handle_and_a_second_initialize_mints_another	none	crates/cellgov_lv2/src/host/usbd.rs
531	none	none	none	unestablished	none	crates/cellgov_lv2/src/host/tests/usbd_tests.rs:receive_event_parks_and_finalize_wakes_every_reader_with_the_terminate_triple	none	crates/cellgov_lv2/src/host/usbd.rs
532	none	none	none	unestablished	none	crates/cellgov_lv2/src/host/tests/usbd_tests.rs:an_empty_bus_lists_no_devices_and_acknowledges_ldd_registration	none	crates/cellgov_lv2/src/host/usbd.rs
533	none	none	none	unestablished	none	crates/cellgov_lv2/src/host/tests/usbd_tests.rs:device_and_pipe_scoped_calls_on_a_live_handle_are_einval_and_counted	none	crates/cellgov_lv2/src/host/usbd.rs
534	none	none	none	unestablished	none	crates/cellgov_lv2/src/host/tests/usbd_tests.rs:a_null_descriptor_pointer_is_a_pointer_refusal_not_a_no_device_one	none	crates/cellgov_lv2/src/host/usbd.rs
535	none	none	none	unestablished	none	crates/cellgov_lv2/src/host/tests/usbd_tests.rs:an_empty_bus_lists_no_devices_and_acknowledges_ldd_registration	none	crates/cellgov_lv2/src/host/usbd.rs
536	none	none	none	unestablished	none	crates/cellgov_lv2/src/host/tests/usbd_tests.rs:unregistering_a_product_no_register_recorded_is_esrch	none	crates/cellgov_lv2/src/host/usbd.rs
537	none	none	none	unestablished	none	crates/cellgov_lv2/src/host/tests/usbd_tests.rs:device_and_pipe_scoped_calls_on_a_live_handle_are_einval_and_counted	none	crates/cellgov_lv2/src/host/usbd.rs
538	none	none	none	unestablished	none	crates/cellgov_lv2/src/host/tests/usbd_tests.rs:device_and_pipe_scoped_calls_on_a_live_handle_are_einval_and_counted	none	crates/cellgov_lv2/src/host/usbd.rs
539	none	none	none	unestablished	none	crates/cellgov_lv2/src/host/tests/usbd_tests.rs:device_and_pipe_scoped_calls_on_a_live_handle_are_einval_and_counted	none	crates/cellgov_lv2/src/host/usbd.rs
540	none	none	none	unestablished	none	crates/cellgov_lv2/src/host/tests/usbd_tests.rs:receive_event_parks_and_finalize_wakes_every_reader_with_the_terminate_triple	none	crates/cellgov_lv2/src/host/usbd.rs
541	none	none	none	unestablished	none	crates/cellgov_lv2/src/host/tests/usbd_tests.rs:an_empty_bus_lists_no_devices_and_acknowledges_ldd_registration	fabricated_success	crates/cellgov_lv2/src/host/usbd.rs
621	none	none	none	unestablished	none	crates/cellgov_lv2/src/host/dispatch_route/tests/route_stub_tests.rs:syscall_621_returns_ok	fabricated_success	crates/cellgov_lv2/src/host/dispatch_route/unsupported_arms/misc.rs
668	none	none	none	unestablished	none	crates/cellgov_lv2/src/host/rsx/tests/memory_tests.rs:sys_rsx_memory_allocate_returns_base_then_bumps	none	crates/cellgov_lv2/src/host/rsx/memory.rs
669	none	none	none	unestablished	none	crates/cellgov_lv2/src/host/rsx/tests/memory_tests.rs:sys_rsx_memory_free_returns_ok	fabricated_success	crates/cellgov_lv2/src/host/rsx/memory.rs
670	none	none	none	firmware_reading	libgcm_sys.sprx	crates/cellgov_lv2/src/host/rsx/tests/context_tests.rs:sys_rsx_context_allocate_writes_four_out_pointers_and_reports_init	none	crates/cellgov_lv2/src/host/rsx/context.rs
671	none	none	none	unestablished	none	crates/cellgov_lv2/src/host/rsx/tests/context_tests.rs:sys_rsx_context_free_returns_ok	fabricated_success	crates/cellgov_lv2/src/host/rsx/context.rs
672	none	none	none	firmware_reading	libgcm_sys.sprx	crates/cellgov_lv2/src/host/rsx/tests/iomap_tests.rs:valid_call_records_mapping_and_returns_ok	none	crates/cellgov_lv2/src/host/rsx/iomap.rs
674	package_id	none	r4	firmware_reading	libgcm_sys.sprx	crates/cellgov_lv2/src/host/rsx/tests/attribute_tests.rs:sys_rsx_context_attribute_fifo_setup_emits_mmio_writes_when_writable	none	crates/cellgov_lv2/src/host/rsx/attribute.rs
675	none	none	none	firmware_reading	libgcm_sys.sprx	crates/cellgov_lv2/src/host/rsx/tests/device_tests.rs:sys_rsx_device_map_dev_id_8_writes_rsx_device_addr_only_and_returns_ok	none	crates/cellgov_lv2/src/host/rsx/device.rs
677	none	none	none	unestablished	none	crates/cellgov_lv2/src/host/dispatch_route/tests/route_stub_tests.rs:syscall_677_returns_ok_no_effects	fabricated_success	crates/cellgov_lv2/src/host/dispatch_route/unsupported_arms/misc.rs
801	none	none	none	unestablished	none	crates/cellgov_lv2/src/host/fs/tests/open_tests.rs:fs_open_resolves_via_mount_and_caches_blob	none	crates/cellgov_lv2/src/host/fs/open.rs
802	none	none	none	unestablished	none	crates/cellgov_lv2/src/host/fs/tests/read_tests.rs:read_bad_buffer_pointer_returns_efault_and_does_not_advance_offset	none	crates/cellgov_lv2/src/host/fs/read.rs
803	none	none	none	unestablished	none	crates/cellgov_lv2/src/host/fs/tests/write_tests.rs:nonzero_size_with_valid_fd_returns_ebadf_zeros_nwrite_and_logs_break	none	crates/cellgov_lv2/src/host/fs/write.rs
804	none	none	none	console_capture	ps3autotests:sys_process	crates/cellgov_lv2/src/host/fs/tests/close_tests.rs:close_does_not_decrement_fs_fd_count	none	crates/cellgov_lv2/src/host/fs/close.rs
805	none	none	none	unestablished	none	crates/cellgov_lv2/src/host/fs/tests/opendir_tests.rs:opendir_at_mount_root_allocates_fd	none	crates/cellgov_lv2/src/host/fs/opendir.rs
806	none	none	none	unestablished	none	crates/cellgov_lv2/src/host/fs/tests/readdir_tests.rs:readdir_walks_entries_lexicographically	none	crates/cellgov_lv2/src/host/fs/readdir.rs
807	none	none	none	unestablished	none	crates/cellgov_lv2/src/host/fs/tests/closedir_tests.rs:closedir_twice_returns_ebadf_on_second_call	none	crates/cellgov_lv2/src/host/fs/closedir.rs
808	none	none	none	unestablished	none	crates/cellgov_lv2/src/host/fs/tests/stat_tests.rs:stat_known_path_returns_size	none	crates/cellgov_lv2/src/host/fs/stat.rs
809	none	none	none	unestablished	none	crates/cellgov_lv2/src/host/fs/tests/stat_tests.rs:fstat_returns_size_mode_and_blksize	none	crates/cellgov_lv2/src/host/fs/stat.rs
818	none	none	none	unestablished	none	crates/cellgov_lv2/src/host/fs/tests/lseek_tests.rs:lseek_set_to_midfile_then_read_returns_expected_bytes	none	crates/cellgov_lv2/src/host/fs/lseek.rs
871	pkg_id	none	r3	firmware_reading	libsysmodule.sprx	crates/cellgov_lv2/src/host/process/tests/dispatch_tests.rs:access_control_pkg_two_serves_the_calling_process_authority_id	none	crates/cellgov_lv2/src/host/dispatch_route/inline_arms.rs
