pup_sha256	kernel_elf_sha256	table_base	entry_width	entry_format	entry_count	discovery_method	confidence	census_sha256	subentry_sha256	gate_sha256
06a22362f31eaf8c3a35283be35a1ffa31408ca33b150e6564d0242e4dbf4e25	d46bde58bd03cd45bad5147e5099ac3057cdbb4561929bdfa23c80f7e4900872	0x80000000002ea8a0	8	ppc64_descriptor_pointer	1024	sc_vector_descriptor_array	high	716ed8995753e875d73f251955df7cba0ea2124255b27d9773fae04d983afc50	8378bb44f2a062efc5fd46ff14cacfeda7acdad2f86acccf1cfabbc76c087337	8dcbf5980669c66f87412cff73c8b7f0cc71e961f7ba98917448c5f2634721c1
06e04a6b2af39c5a6483a5af8b4891e9ab5f75770f5b246e6ee7c2a6a6734748	f6ce071dae586aa2cdbb33e2a54fdb7cd15b8af1bda0cf6e2ba29d5752620de5	0x8000000000346a50	8	ppc64_descriptor_pointer	1024	sc_vector_descriptor_array	high	22e100ea9075800d3c554383332e55818ad11f399de171e518c0ff456914f093	d56644a350512353eb241938bb7d9dcca3ad6daa5f44b02c7fc049da6f26b92b	c2fe484eaee782fc47c6c469d17f38f236cfdd7f098b89a2e1eca71b85fb9634
08855e4eb968ac5a1a656950526fb5a7dce3900aca1494f5708a99a825bedb21	c9c2dd7bba6466e87e933536cbd77679d5d8a7009c1b454989134512a1e22687	0x80000000002ea820	8	ppc64_descriptor_pointer	1024	sc_vector_descriptor_array	high	d3198843e2634dcb0e275f60f128746db48d242414d4e9772d912e79cab16b51	fb5a5d132de8ba9229e2579fa80941c939c196c4dab0544d16390929637e79fe	572a078283c6ee2b91a308a4b45241b79434c43cbfe5564d7d4a91227a8fbbe7
0a89e88cdc4cb59b194025059050590a0aea28a49c6ac9e6435fef67f4a1c43c	d50df8ffc0f6411ece9cac01f7d9e35b5fc5d26893bbebfbf9adf2b1d663f25f	0x80000000002d22f8	8	ppc64_descriptor_pointer	1024	sc_vector_descriptor_array	high	9e9c485d519438d31f4eec26cb86c02c69027d99be3007dca3ac11f8f8610fe1	6c0bddf5497417ebcb27d8a9c0e5b26da2d91867e5125b581505a92d8322d056	fee8e2ee126d4d7ffcfa35a56e68ab0c00f646dcf49f7c2f56da07d5208360c6
0fcdc479c911a51b8082b77f04d00dbe14ab28633b85806b08842e79bf8e5fde	e4c8136db3b30c2f7c0c2de372e289b6823b5d844ac2ed7df31d9cfe9cf6f363	0x80000000003528c8	8	ppc64_descriptor_pointer	1024	sc_vector_descriptor_array	high	39f98a0184740ce5e375504b438491e8a0de9b15612b5bf18d56bcaedd91c8d6	4da1168d51f0ebd4c9ddd9b4516d80a030c0a859bf24cdc3902ef36cd16b2a19	691574a05d77cf0846166748c9b7317cbd89ab591487a512a063f523af37613e
1016bd72819539ba43c09300b619f4b8f257e34fe07d8ecb4dcfc82428e35f1a	3349d3b315b84bb92d01ee0c663b025898af8f9a92bbb5beca69acf31961d9fe	0x80000000002eb128	8	ppc64_descriptor_pointer	1024	sc_vector_descriptor_array	high	137fc52a95254aeb9e1853bf7d97dd4d72e6017a952817466d1e3fa5c1a9021e	f55c4cc23bfec6ab00ec57df010332139e884b3ee271be0b651310fb82a3adbe	8827798e0686f9c39e9f35e6b1b4f5c094b2cf4f25582772d9d4b6ceafa1d52b
10a715ab382b16b9bcc976cec963d4a557a604511f30b5a7fe997418d5d1a899	39031a881959e1e8beb58ec3355fb345e3f950056cef052e3d8375eae7a902fb	0x80000000002cfb40	8	ppc64_descriptor_pointer	1024	sc_vector_descriptor_array	high	7d00f930c3654b594007d0782af41fc6f2d4f6d6d633e98721d6391e747aec9b	9caaa45f0e438147341ae28d95fea31acfa3dbac699e5d60fc2729bb6a5aa06a	96e8319c179b927b253d579382f23cc22470f30de59ce28eb6341a99b7b531c7
11eb376c163311ee96e157fdcc02d2948e16a824e979f0cc0de85d1dd8d627ab	e187d704a6e88ffcd61470f40d02adb13feee8acf4627679d2d9731d3e288dd1	0x8000000000363a18	8	ppc64_descriptor_pointer	1024	sc_vector_descriptor_array	high	4131ec2967877dcff17b8ea874043d6dbf189750c92c3a486bd1337e62e1d690	d2088507919708ba7396719fc341cecb39f522d5219d1b060661bc96535e66fc	8ffa4f3807126f4c9fe808f175aafc77454a7cda9401f3aea102b65e72896212
14ad0a4716d2bdf096dab9ecf77b9b838cc64435db7925837a38979fa05f4012	067ada6359dc452f41f0dd37f4fb893ffc467682936600c26d2829c69df775f3	0x8000000000363be0	8	ppc64_descriptor_pointer	1024	sc_vector_descriptor_array	high	e71b19ac1b1a9e515ecaca7adc2175645e313a167258aedf541df7727d85f6aa	a3876aa7824ba915ac896d62024181a391319d16c473090a90cf5b38eda300f1	3f9ee23c698837848bc38c7966e67c4176cd496fd7523f3be53b489896892c36
14eae63c9ce142bace97624538ed841944aa8f1248017a49004e21b62af73aec	5bc85cacef4d01674d1def755cad32137c5ebae2246bdfbfb5e71d9b22e2d492	0x800000000035e260	8	ppc64_descriptor_pointer	1024	sc_vector_descriptor_array	high	f824fd11f7d3984c1fd97af3e7a4190c7ff4ee78aada9cc4921f687af3c0a330	93c072ed3caa487453dcd73e07024fe955cbbbf85e44c7c155091c14495da8ef	b2a0e32e39133820ebfe8d6c5100a85c0a7c1a0956e4abc111a871cc83aedfee
158471fd834f8ea8036136b6aab43cd86c7ba73d79ca30e0af3c0fe0001cf365	d7f9d4de3683a18bafb9669b10413cb5580bd38f1045b1021b98bdcf625d6121	0x8000000000363be0	8	ppc64_descriptor_pointer	1024	sc_vector_descriptor_array	high	32d830ccb6c4f3d099cbd33b308af977b31b3014cb57176f5777c701f3ee0e4a	0d4e806b8b294e9238495ba598273dedaf00b671abba4e0ae63f1a62e183d4cc	a33d34d5f74b007a3406c475cf288ce1429e0f07fc0e3beb210b04c3a476b5bd
15fa19e3f474c176b3ef8310c3fa928b6032bc099fac34011b337af585a67d4e	93ad1841246069cadfc1e133ba7188f9ffa84325eeca7f887d252913bf6b2116	0x800000000034d7e8	8	ppc64_descriptor_pointer	1024	sc_vector_descriptor_array	high	4570b03100dde1849e79c2d5e79b0fc7c048c0202e7bff93491eff4928089046	6025d7e9acd09cde50cd3fbfa9b8f31b6cbc8cc3cfce885493003484f762e8c3	d5bbb045623f5c8f1c0d30ec8586136d66b8e16cc34a66046151d68b6f093e8d
18420d5f28e83fbd4cb8100ecaf3916d83a67d9496942f7e66c0aaf91dd550e9	40f2df70fff93468f3a87887d45873fdd2d3dce818e2808ca973f3a72c206e85	0x8000000000347b48	8	ppc64_descriptor_pointer	1024	sc_vector_descriptor_array	high	ec504d7ea7fefcd72a6446b5926e9e1ee3ab27ca0086e2f81736e5af62fbb967	7626fcace2a9d1456c1d40cf7e43602678041c09a88aeda1161bce1645b4ca8b	779206500c3a38d967274a9f810cd6a7d8bd070a5de8dfeee19b78aaf0fb6cdf
21aee3785b0e838b8ada2996bfc63fedd019fbc139e4c0be849e1961a088a957	8ae4359eef6bf0d557170f6cd317fc1bc3ae7466fbb192bf0a26e16522f9ec66	0x80000000003384a8	8	ppc64_descriptor_pointer	1024	sc_vector_descriptor_array	high	c6beef6e142012d9988b213f6c8464965fd849ca97e8296dedeeeb144a785148	f83261be0b555d28aaceaca6d466bed70e64f82c6ed12a66fb536c354141c4da	60ce48b2dfed2477757fc3f68cafa5e9ab57aff0ce5dc3252c240660f53696a8
2b4dc820d62bdf816bdb7f8863976b67365e73068ef71569e42441b528763eab	6b3a8e8ef7eeb84060f869ab3ea8f47255ba3453f7d91937e8e312f4fe231432	0x8000000000353e60	8	ppc64_descriptor_pointer	1024	sc_vector_descriptor_array	high	ea0472951798cad97cd7382b9a1c5f5e30c874a58715f48ec49160118e1e6a5f	8ac8049ab585afcad3c2649e92676994e41c6221f44402681ad18ae818f2c19a	60ad023a88981cf9ad8eedbcf4498e08224f693ae76c830a0b2c836d7e61c90d
32bd2c5881ef23f90183eadae12050fc2fa8af5d442a825d61312815a0ebf19e	d6c2eaf16726e2a1e3cbc3eb16a7758e3a13e6af055e587de97c0538d31b780a	0x8000000000334208	8	ppc64_descriptor_pointer	1024	sc_vector_descriptor_array	high	00c56944d20a768f3d5979670f21a5adafa4a6abecdf4d46f45180412b136ef0	29a71485bb0597fa2eda53a0a815c84a9d2994b344e3a05ddc654d74c100d741	4627928299329ccabcdab716618444fe24078185f30f9f31ffe38313cd639345
32e6183501d4a744a50d3248540eee4a7b16a4ecba3d96b8b188b8e749664b94	4bb5ecec67a63e669eccc45ea55bfa13c97fa0a2b2c34d96633e6e8c4649ee0c	0x8000000000363a18	8	ppc64_descriptor_pointer	1024	sc_vector_descriptor_array	high	d2b4704991c328c9b24eaca6347e539551e30de7a45a68f46e8bb7486d6ed173	524bb24fc312e69bfb9a6ae748afb1d928514d217e4dc380f9887c5821d1fa89	9d5f87d37cf35c7a75cd545ec151796fecf6de80c511de072f3101e5d1093cb0
334e60a4ef5843a688c1c6aebf0951c3259429233c7a5aca5a24f0edad78a192	062834a566585687d1893b5cdec25d4c9e025fe2ec118bda44c0a1cd95c2724d	0x8000000000346570	8	ppc64_descriptor_pointer	1024	sc_vector_descriptor_array	high	27e26c319a6db73728bcdba621a292276a131536bbd270c29b547c6cd6e03a43	96f32acc6fa676a99606f1bcdfc8e00f0c54fe528aa38252aae623ea22340fac	70e67a77a179c059e370853c873d5e80091b785d18f63649652d05571f7e1b8a
340046b735c7fbd463e66e4f1dd73185b3d8f4027a6fe647519a6fbc03e0dba8	e4f2afb068739b7d5a78995f921405fc09e175ccc962c279bd5284bb99c60e54	0x800000000035e860	8	ppc64_descriptor_pointer	1024	sc_vector_descriptor_array	high	c49c3dec7ded68362ab94b79e875757f129b372b62bf16e1a3688351096c8bfb	b25599eb61be9969989f0f3d349db0fa70a2dcb7d20d22215eebc53659fff534	57471fb8680c182bf347950a88cb2ebf213d07950f26c7c36255c6aa44cb51b1
3a7a482b281a5cfe441b8d192a812f43cc897c62ec4440b7661f43f7efe03fa7	32cb4c3ac8f6c34155a71f12336a4b91db9cfb8b7a9fcaf30a578259f79dc815	0x8000000000346fc8	8	ppc64_descriptor_pointer	1024	sc_vector_descriptor_array	high	d7aa160aa60d82159e8912c45cfe9eb6629b5bfbbe736ed3c8ec289a56d86af0	45872add2a3e72cf9563226fe34c4e3df2a942d303dd2846147caa63c3b99530	c024dd221cb42286a271509861aa2e26af89965bb57aec181a4910543001e6f8
3bd059c6fdc9757aa59db921ab4ff1743134801de7e00e814efd57621471823f	7d27b43be22e0c5c46f5ea985d7ba4b4a5e869434155ab4b2c9680324a563b10	0x8000000000363be0	8	ppc64_descriptor_pointer	1024	sc_vector_descriptor_array	high	f163d8814166be9db2b83b593767a3d113e8434370e888b8f28fc9d7399d8f5b	b843bf2b689fbb8b4951e35b50883f1a39f83d165457e503b5205c23a8de6257	9b59f6820dc29e9bea4f660ce45fde642864333d5810237c415fb302a1ebafe2
422d5b856d37a3f85a0df523ef7cf989a9822b4c84e7de2086433b66d12d709d	3f5a108e6c325f0b2558e05d8b256a8a22cb0c5405b5d803fc170b5ca8a3dc35	0x8000000000346a50	8	ppc64_descriptor_pointer	1024	sc_vector_descriptor_array	high	9abca3c46f1b8fbb70ee7a9bf213f1182a60a3272bc2d646bd2330a150cb9b3f	39a8bacfe7966cff90a47fad79a923c3ed0f11da0b331cc1ebbd3c38712c93e4	5469f8856a169cd09f7af69f217046cf7815d9e78a3ecda454c051bc57023feb
42b27603edd30719dba74e0071488b9cff51345e502fe1bb762a66bf02e1248a	6f17cb89f3b6dabb902b03eade7e485397611c063d3a628c1482b29c839400fe	0x800000000035dbe0	8	ppc64_descriptor_pointer	1024	sc_vector_descriptor_array	high	f8bb1bd972624cbaa9fd2bcb0f1db7f72fc9cfa4d7df7f2a6414735d6ee0cf1b	55a1cf6784f3e36984b4ee7a68ddc3f93d39e3bff89c426c6c189498bd8cc86e	e462bdeb19372c7779ea34fb6130620d880ef19263574b84184e12915ac48682
42de6121a1b963edfef29b6a02c2ba5f96864d23e2ca9a060bd8c31d833b7dd7	c952b4127636d733b4acfa08c9b8d0a07e3c75bc349c7c6e2e628b25015143d8	0x8000000000363be0	8	ppc64_descriptor_pointer	1024	sc_vector_descriptor_array	high	1cb226b724c1592e6517afa9c709131c6630f843868b74fb55e9c349cf74782d	a3b5943bfc5a20ee0f781e00f55a80befb2e2782a887ca4cab2f0baf5360869f	1aa4d2714f9df0c423401a9516379cb1db07150f21f7d776fb8894a0a04f7dd5
433ad780d478cc41fcc1895ff954e8cf68890dbc5a87045f4e331b1fbeffdd1e	c9b755da2de94cb92b3ab270936c0453a7aa0730ae57ba79a2bacd56faf123cf	0x80000000003551d8	8	ppc64_descriptor_pointer	1024	sc_vector_descriptor_array	high	a9abb84c3693484d1c5677311527a862fe9ee1ca088cb84d69037a6e09c0f932	ea2017aa2a73d2894945caf8574d61ea4fbffbdfa4c91ec5b02f66779bba21f7	14009a1bb32a5f768a7b46754720c2cfd817288c98409c5dd3abb1999766f4b6
43cd845f3285667c97e72b5dc7deaa26d97ec033e69a61ca1ec4d3dc7b2db22a	4e3a76a42c10a0c56cdca4d08973f550fed1274a2bb871df34d5833a8181b58d	0x8000000000346a50	8	ppc64_descriptor_pointer	1024	sc_vector_descriptor_array	high	b1f0036b4599cf0dc4b674fc54efd032eefc0439139130af851d6c215c3a1b3e	d04d2f824d250aa7117f3b5586367c1b0d6ce7b0b7169d8e85a266c6c41e0af1	1a81a8b4faf3ec85cb1976367d0e9369fb6c3cb27b77f2f671829254e8766ef5
447efdebb00c039b8551c7d7be3bac5c06b1878b90d797b15d3ec473c20ef48d	b45c89cff8cfef6f447945ab336622ad1e266948e261191844b63774fe582fc0	0x800000000034e1a0	8	ppc64_descriptor_pointer	1024	sc_vector_descriptor_array	high	862f78967346d61bb955de6d4730043c8332e6608b4981d15e5a54d2bdf04360	3490204d2a679e41675a7b448290c0833e55c9d2d8d4bb69014b5b0c5029c5aa	8ae04300f73148ea9001ca6af56744aa43d6f52d919ab4c414e4dbde9ed377fa
495d65fe9ccfe39cbf1c35787d769ef9ca271dbe0ae734e0af1106a7de25695c	517b37baa371ab39fdd73a487edf7812a8f42d2c7ff6ed7f02260c19966f9a84	0x800000000032e5c8	8	ppc64_descriptor_pointer	1024	sc_vector_descriptor_array	high	74cc92692ba16934004b798c46e48fb707b49ff0e5f628c0ce0fe1afc17496f8	07b53af0a62e8b3ea59c74c0078a694da54f7a7256aaa0f56f70af3b974b8c59	bde8d8cd31a4a3d5c3978ab8bbf1d6efd8df1b89fda29b61cdb5f1337a17f05f
4c7f29cd54366fd75e868c1883744f4f63146c1fef255cca54f596fe7e5c4f86	6f505d0bfd987980156a08db2d26cbaa3fa8a49280fdd6451f05db5cd2ca1f1a	0x8000000000354f60	8	ppc64_descriptor_pointer	1024	sc_vector_descriptor_array	high	446097ec5a312132256b07789debfb8ed046cf318c81d5d0f0bc855673f6cbda	1ba18f81d1d5a7d12c065d194eed4e5ebdada006440510e405eeb3703285c660	c3a1a63d7c62e3a9921d44c8dcefec2c962e04a6da780b49d1e4a40438fe0208
4f21b38de3cb5f75c56c909158f5f7ff28f340c39f561a0c177afe76dfd40c58	91b38b86963e9028a739564546413ce61ab9ce793bb401baeaac92bd26bb63ce	0x80000000002c4318	8	ppc64_descriptor_pointer	1024	sc_vector_descriptor_array	high	013c29d9a25e4db9fd51cf58c9cab9d6ebee32e4a1bbda2fc4907a44d3425a61	3c7064c9b37b7d7a0de16001ec13eb1e3d4ef58624ebbd4ed85926302eca8ddf	d75799f8cbf71c43b0d0bb0d6779b374b3058a12ff6da1c200ac90c04116ce47
4ff64cb0c53910a0bfcc3573e20d742394a4f1724bc8f6ea135816cb72a04005	2ae88f5e90bb612d4d12b6c80fd3e8ca34d0d31756d87fefcd18a25cae7420ed	0x8000000000363be0	8	ppc64_descriptor_pointer	1024	sc_vector_descriptor_array	high	a3acfb6a1cc1c5a347809f6293487f912540066229cbf2cc420eff1e68c4807d	4b496bc12e656afb9ede1e540fcec457603f881bb248fd0286f403eb3053faaf	f8055aefd132d04c7aea4e3ed47854574c5abfe60020ed8afbb1763f2e15e4bb
506cc36b43951a530b66d07960771dbef4b1fa66ab9459fd76aacd2a52ef4400	a72854f36a42ce5960adec933aa4116ef6f682b720f625aa1b0baccc74de8f82	0x8000000000339050	8	ppc64_descriptor_pointer	1024	sc_vector_descriptor_array	high	e60275da3db02abcc8e7d40582ed5c45a1fe412e0394c394f2450f7f4b37e41b	e68e07f2be293e47b6a1c3c53948499f9624cfcd739ccb84ffc4d1c32ce6ec53	aeedef24220f6f9f16dff823399e5ab1edddf1faa4455307ce08e600f4916218
56082cf39aa88ab36f4e065b72bd1ebdace6d2e9db9aae5e5750be3c94452279	a489f2f7544e060d58f97371d639cd50209ab8f62e443da0a0b24beeeb0ab676	0x8000000000346570	8	ppc64_descriptor_pointer	1024	sc_vector_descriptor_array	high	399f2415fcde95eca56ccfc117b95811f65bdf74dcee6468350014065459ffce	4a8b8520a8ee3d84fe70089c0d4dc756dca5b6d8ac8e89e3b8a81050b4212a25	9abf96925875d90d5b0d31537591135fef9ebdf8020c13b3dfaf4dee671aef71
5a528a3255ca5b2acff7737c0e2894d4eed51c7fb5e2a141cd67a892baaf4b36	3349d3b315b84bb92d01ee0c663b025898af8f9a92bbb5beca69acf31961d9fe	0x80000000002eb128	8	ppc64_descriptor_pointer	1024	sc_vector_descriptor_array	high	137fc52a95254aeb9e1853bf7d97dd4d72e6017a952817466d1e3fa5c1a9021e	5b0b870a816925346c9522ca63635a0fbad273d9b8c41013bcfd119a039d87ed	3ad824a83fea23c97d3f2b1dc418c98d9cdc3132acdb51c8b1c8e52b679b38a3
5b595f6985cd233a23eeecb3a792539423938ddf48453a48874502b3d82ae6c9	65ceab85c2ecc2cd650aee59b5197b72495f5ca3119edad9482ae56d0d403b3a	0x8000000000363be0	8	ppc64_descriptor_pointer	1024	sc_vector_descriptor_array	high	8135f7b7b66232528a0df183655238260e899487e310d872e747e57b81919f19	d799a1171838a239f8489b91e12e43d454a3c34341eb7710978db104498b8247	2673d1fb4f79796408d0069d2fe8d6a8c9b83e1fae9332755ac0429fec254f9f
5d5e18d7a1273aa7e8825a6d533d3b0dcf3c1dc8bb4a496013026136fe784c6f	3ca41acfb1b2acfd8016dd8c8740a5f7f754022a2e6b43b6f98260dc177431cf	0x800000000035e260	8	ppc64_descriptor_pointer	1024	sc_vector_descriptor_array	high	877b819884902651f739fee4205e814d2ad260e4b0a2229c8b9e061fb043537a	82122d507a069f4fbd1f8c3bdecae68942676e4a178e4b9b92f9e7468fb0e288	9186b199fd9569eb07ad5a5d768b778f348cd7fbefc37d7952a73e0027559662
66264bbc3f2c6d01cab1fc5a1a1aefc6caeff8d3b7cce487cd0695f8b9a86618	593b16211c04ede46a2fb04fa17d34f1117c0b128767c2cf4ddfd935458033eb	0x8000000000352b10	8	ppc64_descriptor_pointer	1024	sc_vector_descriptor_array	high	1171fb45879cd2ab1a9dbc6da207afd49c3a4f521bf0f7bdf71d50af4e30aeff	e332d75d1276505daebd1aafbbc04a6d0885e6575f60b89bd48afc02390df322	ecb8833286cb0932988b2258d665a54ed7b92417e5dde8ec71bdf07d78130b17
66a391ef3253f11d84fd30b39841e0fba0def3c7bf39fdf72f843cae59101c27	b855dac43db99bc2b07f663e70fa01b6c95449099a93e30be4f2e95805bf3939	0x8000000000352910	8	ppc64_descriptor_pointer	1024	sc_vector_descriptor_array	high	a075cf8f48888c3dad47ee5b81ab470c1060b06db6ef6eee4b7e468bfc0827e8	44940c83dd3800ecb13f82e3662d0abfe7695c363a1ec51a0e5701419bd3033d	63c2d7d57f767a7f9cfeca4c2d71873015831c485f9eb78d21bdeb934d44f15d
69070a95780f59fc9e0d82bcf53eb9b28fd4ed4a7d54d0a40045f80422fd98d6	15c8e5f3b20cec681e374a53937041eb2a2a3363d2405b6a2f87cc237cc1a31e	0x8000000000363be0	8	ppc64_descriptor_pointer	1024	sc_vector_descriptor_array	high	c332b9afb7cbc61fbfa296bebfe5e52ff26b02703542a70ac300542b143ad983	c3a1abb1cc1408c3483456fbc0975c06d4b497d6f3927ccc00036644b11f5e42	4395f203fcd47b3224bd2628308e94977f4edfa53f3c303ffb8253a6c11ba708
6ab8e60b1aac766492e37226dfc69a35749ea54a898ec35a29ac9e165b49170d	391e489ac8e0423dda66e57cb8dd392d7101ef05ff29f00b357b4dcc1cd853ed	0x800000000035f300	8	ppc64_descriptor_pointer	1024	sc_vector_descriptor_array	high	9df94bd5895918668bf23abb9de70b5d4d20dca44f3fe1c9604d3083715bd2a5	7d295d72d516c52c2378a42733db348a8348a95fe72fbe895da52d409d9bc7af	df4d940293a91bc209fdc9cdca738ebdb7f6e72758751390d04f46d65e23fcae
6ad6fbda07e0330ac7ecae9e91a05d9c512d7c93ad173d6952dc66bec7980cf9	6618d536e173a97dc2005fea874442b6c4269576595f0a39a3d99845fa966867	0x8000000000354f60	8	ppc64_descriptor_pointer	1024	sc_vector_descriptor_array	high	e88924b28659c71fbbb929c1655b1aba61c956d8c0c22e2bcf047a38fa81b012	081d6c79c3116fef5bb594437b372e15ba37421cd3072dd9af1523f2f14aa855	9380c9fc081de6db2519e477c9f1f4e9d0f953c986af224dcb141216aa4cedf4
6c756f6037fdaaf5081f3cf604b57999743f8690e75ff09941c0680d330de6d1	3dd58f25f986e9b47cb3bad5f5315a92454c2b60f6c9cdc73da5842c64cb532e	0x8000000000347dc8	8	ppc64_descriptor_pointer	1024	sc_vector_descriptor_array	high	8947b995bc16e02e2d2a42cd3fd66bcf948fe783d60fa084dfb413c05effc26f	d0bc434c2be6eb1baaf30b65ca8027d6904c3f8bf3c39860e1d6323526a4a82b	b3517ee81d461c00945926b3e0259eb1aad46688556a6b1d41a9d0d262b743bd
6e146c1d62478aea6658f458c8d9dffa3a8b4038e0287a2a4bbcbf704fdd0da1	1bf6fed2f0c3e254f2ba91f69fd2850d8ebfc7d32e13a1e8a8b08b1be28da004	0x80000000002cfb40	8	ppc64_descriptor_pointer	1024	sc_vector_descriptor_array	high	3d88801f79e93a25bfb4a351122f1adf0bc46501cbe6f14e8a0e7e732d7b46fb	36a099ce78487ef58a091cc4807a65d80737323352336b545df18970ae6927df	b1287366fa80b5d590d9204f7b4cb6ccf24f7015d2ad5d201075d4522ec2e6ba
6e2e3efb8af40fd01d09ec3bcc2363d88e88869ddb7c929b2ca21eb1fbc05301	07ac750475f13e89a9a5a1eb06f61da82889e9bdf765cbd474aa0de3bd5bb50b	0x800000000032e048	8	ppc64_descriptor_pointer	1024	sc_vector_descriptor_array	high	799dd5089175f47dca891404e0c5c2d3238c0c93c5bc6968d495f6697a7ffe38	72233b39a550823814d1c3dc2bef085290403438772d7aeaffaa4c3c95207695	c1683bedef174cd854eaa2eded99a61fc1f1d9005c916f11f0526a9de8d1c0a9
72f0ddc4a4dc39fef0814802794c2ce7023d8aa0628b7f843c967b696e2d04bf	c9e742e3d01c9ba9b0958e40b792cd7ae1be9aec8a8e3456716e08d469c543ce	0x800000000035e860	8	ppc64_descriptor_pointer	1024	sc_vector_descriptor_array	high	b8b411da2a8cb9105cef5cdb53120b1cd176071f8b3eaaf1c2c15a28c0d6ba18	77116921c322c2ca95c3fc4ba9205416b7aea310b292a0e7b74784ea483b9138	bca9445bc8a34416ecbbf07d43adfef732ce7f7ffee8c701772c1ea9ac48e413
756d8bfe0b5eb99ffd9266b2fbd84c24cd1c8a039ca4b1c0d88e8f020943a30c	f4217333f7685e6591b5b901fbbe0eef160618f308cffa7c5be5fdd9e0f6c40e	0x800000000034d7e8	8	ppc64_descriptor_pointer	1024	sc_vector_descriptor_array	high	d8957811d202056edd4c4031ba06c8912a24fc1907a725344132454f903264b3	4b01a55210ee4178bbaad38e1b370a0b45c44c565b08af890e4fca435b3464ef	e1de94eedc0cf9c9f3c207b23455fef3591be043f950d2136e739609714a62a8
75ceeeef5de8e02adef43b25232f392caebc2249c4fadba05892106326aba700	4b5bc0655534316f299301f735915ffe838003e6941d9924a6a9c8a4ea3f391a	0x8000000000363be0	8	ppc64_descriptor_pointer	1024	sc_vector_descriptor_array	high	2401aceea5e3291faedb12c0939aded171e55baacc95ba298123193cdf36d6ce	4f0e5b28f1045c4f01d04a4f19e78da9d79027ab21746d71084a8500dce51b2c	c8fa44d4fac9f16c27eccf43356e9693a1cc1f577813182b39e32f35147ef4a2
760c801fc2ced71a331e8df0502ff2139d4c8222e871de981962a5d60ff7e15f	c05640e9bf321c5de061f2ddfbc48c61dc9f62597235533437a5f14ffa1749e6	0x8000000000363a18	8	ppc64_descriptor_pointer	1024	sc_vector_descriptor_array	high	a7c212937f8964560da8061d5ebaab381da27ce8cb794c068bd1717fab404f0d	eb42a4575f263a25f68cc8226c8044dc59fd07fc5a7e13c50d1a6435be580105	0c6f8827a9cc20e8ff421f628f78dbb3ec16541b2b4c9aa5c6d2cae8275d0f50
77c58477c8abe1d8ff0e64c2c34a68a935b4f5f8ceb6fc978f76878593891ece	316910206e5536b4c7468a06114e2bccfea66d3286e5e3ddaf3da20708bea92e	0x80000000002b5bb8	8	ppc64_descriptor_pointer	1024	sc_vector_descriptor_array	high	315a9cd8c59ecfa17604383565fde096b4813a5eb674ac8d44958dc47f7b59ae	cb55e6efda9e8f317d7c3b55387ba8ec0f9ffe86180f0baeb9b7c0bc3d943078	d92f21f7965c821f856c5dd18095b231c429b813810b2b899255f563a2edd72d
7b9b0fe386fd4f708ed6490aaefb3d956f195841683954005cb03b9dca961cdc	f68743b8fa593f3ce0c7ca324fabff63d9549e9292f933142a99f5501c994535	0x80000000002ec6e8	8	ppc64_descriptor_pointer	1024	sc_vector_descriptor_array	high	a3ddfb65d5799ea4928c6834f93a86b946c524bb907795d8d38ef21fef2ff342	4d361b68943486c90ecea7bce42b0cfe392429e6110bfabdd8c6277902deaedd	6e83617cebebbf88488c77a542fe271caace93214ec3fed52ae99a143224c729
7feddf96830a8f811e02ce61d494abbc1c5c3918f895efd4f0fb8706dc430154	6edbeac55ffc03cbd0fe30fd9c32aa1ea0c3668e4cabd4677e3b230f0644bfb4	0x80000000002d2b18	8	ppc64_descriptor_pointer	1024	sc_vector_descriptor_array	high	db4d5740446039712bf211a4bc1d17f8506db218a4ab31ab819facd8ddea9541	7aa0bbf2ab0269e76307432ac7435f9fcbf88732511be6f6c70f90f073350c01	3a58017f53d624b6cf4f5da70e035cb75613399cf2e650a1e5d5dc53ae3d60f7
822cfbac0e803140c987cfcb508936d54be9e86d67f8253335e480fca9b913f9	c81ed91cb01f319dd4abcd702f6ba670022cc07c32c26f9e08c0f05575ea5400	0x80000000002d22f8	8	ppc64_descriptor_pointer	1024	sc_vector_descriptor_array	high	42c6e107f7c0e61de9689ae833e07050e5fa5eb2dab74ebb1897abc3c8990a3f	f9baa558af6c43ed712aac30710e591588a9822f20453b88df93ff3a3f6e96d2	7a5eeac39bfd3daa8d25d0cb9b79841d187f456dec8cdfd9728011f6b1f4246e
8491361628abe5862f5101e57878b5852b175b887a98cfc6ba9a3e67d1f6530a	13ebcdcdf4c7aa168c3c3c886d0f72be966d2e085b42cdc529c4343af4869dcb	0x8000000000363be0	8	ppc64_descriptor_pointer	1024	sc_vector_descriptor_array	high	58884bf8e54583cf2f9af3ea01f613a97e09bef62ee2647a2497d0f6c595c42c	a91f9bb8b86e0a2d329d7ab5f9d2e14ff90f614b93c22ba10ac37b459b246afb	59d38dc377feabab8a094787ef534b9cc4af666cb1a141a369663c7c80be2677
857ea74fc627079c3f77bf0c28604155ee08c1425a4e216558680f0d93fa5b54	e8971ded48c3ce2627e88f2885dc000360c48bbb665363e35aa0d1b3ef81a374	0x8000000000363be0	8	ppc64_descriptor_pointer	1024	sc_vector_descriptor_array	high	f745bbbf6ce4261a9663a64d24481de1011219345a4f5fa55ceb813eab3d5d17	6ad5c61166822a7a59c2b208c680d5dbee72d17ac46f98b2d2133e9631ea0816	f7d6c810fcd741a66483abb871cc64cbf7697dc9d64a1e6cb10c1937e9b00633
8f20e65bbe4f5750b7bff9ac11139d69c4ca9b1fcfb2cad7b64f31d442bc194d	8cbb3607135dd79f8af3d8c8caa5721dfdf4c82f68dd6efc606c4d05a73b7005	0x80000000002ea820	8	ppc64_descriptor_pointer	1024	sc_vector_descriptor_array	high	7c296e2ecf3359cec5b97767b53ba625ea2061a278fea9ed21094376e3448759	2ba35c31f81e23be85c772e0a22d121ff68f6e978ad9ce24bb979536d0e62959	bb8fed9162416f6559d78bb198aa624370919d5ea47f2d336dc8b5bb5c78fbd0
92927ab51f4ef6b9a83d37e20634936a0fb6b6685d768ab7587184bc85335f20	94f73cd2ca26edec36c1e555551c2ee2599967b83d0d6bc4568275f3c1cb6149	0x8000000000339050	8	ppc64_descriptor_pointer	1024	sc_vector_descriptor_array	high	586486badb2117ef1014a86e6f382581657fb4acdb0e03b73ae7d69880a4adac	b9ac7131bc1b1b605199bf308a5ef8b3d5c0331872bb0c4d3fb7a5428c2d31b3	58cec61bd95d7721cdd1f349b39538414417205b3533bec52c7417ceec2423e2
92f3e05d6ed0520dfedffeb9f759f855b6588cc7c9aff9e80d25b913ae96c36b	519b53a98e938672c058cccaa49cefc4f898649732cc4ac26307f433dbcf51ee	0x8000000000346570	8	ppc64_descriptor_pointer	1024	sc_vector_descriptor_array	high	399f2415fcde95eca56ccfc117b95811f65bdf74dcee6468350014065459ffce	01affabc6cd964ee8ee818a00381b94f4e32b7ad58f9202e892c16e128a98a8d	6cf57395e49566f0c121cc604b81ec0d1140aaea2b844673655e22c65c0ca2de
93b4494c8fbceebc731479aa256a07278e64dd135c0138f4138cf666abca090d	3a31c53f06672449d07e9fc6722ae58b638c346384ddc9b537e2294327aab2c7	0x80000000002eb528	8	ppc64_descriptor_pointer	1024	sc_vector_descriptor_array	high	5a7dbcc149e878307b1f844d9c883b107afc70816fb90bb9ad32ed746c6397db	c4708cec67fb8cc1ad756c512340d1648fdddf4bab5a1f1a69752afca6ada07c	3c92638bca4cd911b7131f3f04699cc328f3edd52f99d3f8782c218a537dfae1
964cd7d469af47c42ca5c404f4de718479c86c78f63e725ec801cea40640ee76	67f98ab683ecf3b892c5d008bfed251dabf0e14ed5dd1761e209bf1174f12b5f	0x800000000034dd58	8	ppc64_descriptor_pointer	1024	sc_vector_descriptor_array	high	eafcda0b6ee50177277c9b5c37b4b62d22af8330ac16944b928f44e9dacef680	e898443b0fb6459f451728bf51850d9f1f0deac1933559221692c5e9f5368505	07c9ce10748cbbcbfbd5c25a5d5d2b426b3ef4759d54ce21584e4371c072d076
99c044293290d0338ffee4ea7d21f993523b1b69012af7f09ae719efe2c9d464	73a46534a6dc301d75fb00b833361f44531208a81081737ae4bd22dd3e917c5f	0x8000000000363be0	8	ppc64_descriptor_pointer	1024	sc_vector_descriptor_array	high	1c80a1ecb1def417465b7ab52489df1b1626e98f1b7089b9408ef1fcb843a2a5	3bb144df9a3438482f3d9c52b409f0a5409537cf1e2345de5584d118b7257e9b	3a57e5e046472e9f28ad6bcf8b40fc293d950b6a4720a3ffd4cb477a8c5cb8b6
9c9197f6ceab21d0165f2c85cf3f15d0b096b072052f21959afa1752d4a79be3	a41a22238ce43eafc1305c2eaeae03a344fe58027701e158144b66f40a595c44	0x8000000000363be0	8	ppc64_descriptor_pointer	1024	sc_vector_descriptor_array	high	5d469241510036dbea8ed71ca865b13bb946ec93b213d9ec09d1fadb3897cb22	0be83c084fc191cec9ecb766408faafc0c54ededaf181a1b2456a25a746f1fd9	a70ba5a25f99c25b779fa04f73e7437963c96ec31ea749ec0a21b4203bfe0cf6
9fdc8e58a0dd9fca422ae94ba41c4626828e160cdabad2ca128e0ca8b5be1e83	e3ad9131b733dad4b62a1818371031ec4bf8de679fddca142d803dcdb862a0b5	0x80000000002b67c0	8	ppc64_descriptor_pointer	1024	sc_vector_descriptor_array	high	1ec4d7b4f45411c59b600f924521968ada8ffecfa61bd88bcc59a98195c5d8a1	34895c89ac007a7e7df0cf110b715803fe4de6b83726e72c46ba4cb6a83ce8bd	71bac3d74c6377c8f6931b4776d9618058be11752671e4f0749a7ab60a9e4154
a139882971357e39ce2ed60022d98f985d9b1e3ed9146c3b8f1e62bb5439a611	5dc6d69c6556a67ee1c9b016a643a6b3fd4fb5f4e7bdec30fa14ba8d742df466	0x8000000000363be0	8	ppc64_descriptor_pointer	1024	sc_vector_descriptor_array	high	0c387e0539877dd7c20fb9df99bb4a76264cd64077668a728c231770f2ee8e0b	d41e3138e5140079d87c62355318819361f0b400db7bc0553e70eff6a0033a73	9b9b92c204f0a193d6c03544e60fd08137387a84c090ebb31a85ad33daaab56b
a5814c537e7f6e58cf4a496be6e200f4e3246579e63bd352773fb087481346c2	ed199d77171c9f4a3500042f7597d8902c701b347a61120f4a3376bf80f417d0	0x80000000002ea728	8	ppc64_descriptor_pointer	1024	sc_vector_descriptor_array	high	420b8ae85f5c912f2b13d78489c694cd297d7db134cf027598e410ac3ed8182b	f6f632c524ead15a5e433da4703dee0cc7561256e93b966f4e3963092d1f3846	7f41d328345a248a417034ba70f4a46a83e411ea67ea2b3206a8ef83fdd864b7
a5af7f758d2ea2bcd5a59845a368e1d152cc1af0ea6c20bb9c4a35b207a5b34b	faeca46473d73a9971ba53a2d1f00a721ecf105f64e674b6c9d192e8667c75e6	0x80000000002eb128	8	ppc64_descriptor_pointer	1024	sc_vector_descriptor_array	high	bec870ed415e821ab80fc566dff61edda652d3a2cec8b99f951bbeb771bbe4ad	18ad63c3fddfb2ba49fa4a5728a2a311942b07ccdc94775d2376f4c998b1547d	348a70f9b4cf0f0855399407ece48c7876d706a8e0dfb89f9c9672f7bdf6ab89
a6a655fc7e2b960f80b0e42e145a4051283938fcb30c00ca05c6927180b14e00	99f317d4f05a54165fcd2ef859cbfd5ec03bc3e13921ad3c208359668849672f	0x8000000000353fe0	8	ppc64_descriptor_pointer	1024	sc_vector_descriptor_array	high	c26ff53f5e3314e86cdc18e25aa0d0b3a0d1a552f74355fc0a1cce79c9f1381f	6737d1172271fb97902eb62d3283b8736aa483a2f671977b3d499bcead82a766	960cbf3a220124a4bb6f16cc60bad31c50f82c6cf2f5cc904b9ef59f9cacdb03
a70669bc35a5d688c94f5db8e1eb4110295b1b076ccc3c8e4a7e9ee397a6ca41	fd960adfdefdff5c06248df0cf599b2b17427435132dd359d200384c4166240d	0x8000000000363be0	8	ppc64_descriptor_pointer	1024	sc_vector_descriptor_array	high	5684494ff96b03fc97e6c6ceb255a63daa524b0bd57b366ad4b72e1aebc651a3	691b4ec5af435813ce64257819efb7d3945f54afbc038bed822985e5233140a0	34af8090939f17a6066c5a6346b8337134bc5c92a41ba4c22ff096226710c648
aa3cbd5393f5dbbea0c3ae05194f77c3f1d8aa7ae54938a6b54359a5408e1424	d86885d276c7407a4a38407355f7897a00d0cd4f49c5b88f80b6a957d87336c5	0x8000000000353fe0	8	ppc64_descriptor_pointer	1024	sc_vector_descriptor_array	high	2785ba21504aa0dcc74a89e2b945ecd1508bb7d9ba26907f9c2ae78a8020765d	10cc38f20eed9340359271251562c2ec34f9a014c6764f527d4281ec528b3a50	2ecfb05ec953682b7ae0e23b423ac62b7e7ce968525618a32b25dd386d5afd80
ae45618ea8760dfc6a02143e432ae2242a97fbfc0854c56faef76b4513539fd8	9bdd2a2d12ef6e25981fb83896a89ea4d92d52d3a7de96ccc5ebd9efbd06ba84	0x80000000003384a8	8	ppc64_descriptor_pointer	1024	sc_vector_descriptor_array	high	4ddd5deab3d769ee019044cf9f12bb835dc2f0d898a95d0be21a047e5d3d3376	18e4aae1414ec8d8176f503112fc85d4f1aa45d4b4e05a077aca912a71e3820a	9329f3443e2c6e05c1c2936a079695e1415cac8b93c2af1de3cf3401b2e0537d
ae7d16ecad7eb88a397ab2ab94d1d3a4e8871a3210854373a1aa9fc9b8e17b49	259ea1b164155ce9aa51821aa5fdc62e95c2aba3f4bad8d5ab9eebb418fdaa3b	0x80000000002d22f8	8	ppc64_descriptor_pointer	1024	sc_vector_descriptor_array	high	e941f02cf0a1be9b0fa9e24fb63fc05df5e7bb6675e010aee205686c2af6d6b7	6f4d9e76cbd9930f222811919fb53f810c56557ec643033485409c1ac13a8e0d	f897f82f37e9cdfe0f6f01177066ef2680ca278883ba780039f76f3e4ca4b5cb
b24448accd1fe3206203e7e5aad1341682e24e2433d56e4b16aae9f3b19a2e3e	99c0fd36174c3674d53d0819ef29a84121bbf1c4d0b2a2d4d3680717b4088c09	0x8000000000322428	8	ppc64_descriptor_pointer	1024	sc_vector_descriptor_array	high	9f3bd70471833d786ffbbe64393930c19fb48db38810dc2187de0191f2afabde	4e00b395fdf5cd5b3808d96dde1255a3e6672371c3f50f3f2556a1c229ae039a	b0192e9c118824c43d6395b531a4f3da5cb1ab8d70317910f00dfb676d0b4497
b3d3b6eeca41ddfe88a354c6403917ed30ac62ffa14432c34016a86995c3e35a	3fd88073a9b978d7cd002e9c2aec868298a22b272fbad385ad1aa89af7e9882e	0x8000000000333f08	8	ppc64_descriptor_pointer	1024	sc_vector_descriptor_array	high	751e0349e44fa5b86ec7a95db78748e8e228ea104bdc9b22362f56bf5cbcbe32	c3e8ad1ac58c3af03eadf306204dcea25c19a98210a7c0925ee49c2682bf2895	a4c1551344a8bd6ebd38bf427d2c3a459fa91c54029486b14d5a34082d9b9b2c
b4c998a79c2631b6845176bf2d8db1c8d2041ffd829c54c2190b5900a43fd494	4caef93e15904445da47abaf56ee7e299655e859756f3cd034134f6d242961d0	0x800000000033b568	8	ppc64_descriptor_pointer	1024	sc_vector_descriptor_array	high	689f9527cb26e9ee665a6f5802cb8702bb12053489a44da5aae8816ca8ab84c0	dfdfe225fc27de99da545c07bb9562bf9fce9e616c308811555bbd18e43aea4a	a5d9f2b3a9839c1d356dc94f3acd47fda2e2b830cbd13cde747778490bb6440b
b9fc7405f0afae1c767591e048f478154ba1e49ff65ab101f7bde3c3b9a8df03	25af80b26319a4d1584df6b1ca79db81c31861a6cf93a6463371a782b3880a3e	0x8000000000346a50	8	ppc64_descriptor_pointer	1024	sc_vector_descriptor_array	high	5de9c6a7c6f59261d6ea54f08d0189eb1d4de0650b9a14598e86d894468803f9	7024d00133e1d337d9955b20e08817e6e9e571b48d37cce22b5b32cdbce1e416	bd8c5d4db5a3aed13c0e214857bee9498ca0b576bc1754170f2aba279a071fb7
bc94bd849036b596735d1ea577562baa1562c5bfe40bfc59397e33a1ad0380f7	489d57392b706d0f7f98a95db88257dd670bd954ca751fa6bd370f47baba5832	0x8000000000363be0	8	ppc64_descriptor_pointer	1024	sc_vector_descriptor_array	high	6cf2772915f9d7f5aed41473d9f975c2e19bba701054a88f95f477d3a3c32444	9eec31bf0f0fedb1d6ae4361728bf91a6064e48875a753348e1a46344f0bc17a	0ebeaa779742057bf081be849cc895e416dd842807dace5174c1b743dab4023f
bf72555afb6442c3227aefb34bd3567bc4e26e2a8a2ba4814fa5e1cec6150ea2	27a415b01176d78b902ab6f601ed16adc7c22a70c4042780c101960c10c54b96	0x80000000002b5ab8	8	ppc64_descriptor_pointer	1024	sc_vector_descriptor_array	high	7199a54f42e3c4108d2e53b53a5304edd933f449eba72733de4738a7fd8845aa	99cd7068b3fe255da9491fdcab41c274da6e146a6477a93eebcce9b9a7253248	6676928af9d273a949f86465ad281834a2205cf14fd3ff7f6e6723ad75445bd7
c08bbaaba2063b432a9253eec8f7fbc3a57e57478f98a7508a6cab54cb150f65	9d1da6bdd8e93e5fe7249619f0d56f702dd127bfae56d4d115db0199ed896bba	0x8000000000363be0	8	ppc64_descriptor_pointer	1024	sc_vector_descriptor_array	high	4d4be1cd57c04e6444ef4ee1a85f1eb4bd16fc2f11fcfe3243f16cb65cae1ac0	bf2e92edc7d81418bcc3ee6c8fcefcc60c1499a2ba305301433edb53b031773e	25ffaa08e53fc61014c4d658f4ebb0dd8f9f25c6bbec1fc0cc3b38505c4e625a
d16a0c1d3dd35518767fd56ca120fa1caedc74005d5251fe117a501593347433	b6a4340af1eac999bc4a141991084696d569a05b059838e9c522a6360306480f	0x80000000003524c8	8	ppc64_descriptor_pointer	1024	sc_vector_descriptor_array	high	6e9bce0e4325a22fff94b8838e30806be77afd9c568a6291a7ad76058b4c429b	b996d9268dc567c7233daa996781787b4253eea9591401ed3ba324da60cc12d9	ae2348e5baed97cd7442186465c2d8a2c25374098b33ed448a7a0185d0e24324
d18356dc4230b5f6a5ea27e34569d54ade622132b5347302bc8fd42e0f85790e	bd049cdd9d473f9e9d0ef33887d209105f48ac9439aa188860c1a665e5209b73	0x800000000034db58	8	ppc64_descriptor_pointer	1024	sc_vector_descriptor_array	high	ab08e3f52d29fb541b7c7b66ed9cfe00b6db10f553757b4f12be9726d8a74559	0c955a13cbeea0f398470d31060050a9c0e35197fcf1b28eba848e455c8acc20	9de7a48984029c3cdb1348182a3f885144b7ad5d3c94de6236b6e9cb6e8cc708
d73277de2c7df4e35c9a522541da88edb1578c1fcd928365907d0a0868ba16a1	bed08ae9dac5ee45165a8912e4b6fb28ee2954e6376180e41b2f4fae99553a73	0x800000000035dbe0	8	ppc64_descriptor_pointer	1024	sc_vector_descriptor_array	high	eb77ac6ebf32086a985375b3421df0dffa61befd09c6c32ed81b7cc94888b345	40d59b975348f473dcfc42faa046c2889b358dc944c41623f0da7ab589d0f01b	88e7c03f1eb5e11067c5b20a41660a217d6e08d340115a773e382893a18e1341
d98c1f9499bb0a475d25dae08ce2e4737f572830861292f6238f000b17ad1350	e125451a7eec94688dc253bb74c14de22dfd4d60901e226c107e55ba8ffc5421	0x800000000034e1a0	8	ppc64_descriptor_pointer	1024	sc_vector_descriptor_array	high	0c8c537d2131a8dd8139977286daa00cf6430003a28e3a11c78065ea6f1b5a12	7630e298ebf4d4983bbceddfea89fc8eeb1ac5da78bb9e32fa94cc56be2d34db	7108117653e3f5484ce698947569c66ced925c8833cbe134f81f46626e89bd84
db521e37c593dca358a0b93c029871890a4d101d7d0d216dbc516b74952f1c56	1194e00548befcc0191db5d57e403c143c43cb2879fd05fe0dd4947291d558c2	0x80000000002c4318	8	ppc64_descriptor_pointer	1024	sc_vector_descriptor_array	high	1e33385868fa8cca34713f013ddbd698d4173f30ed55705d347cbab612b8754f	09ac4d52378bcd65b7705f023f37c14f4636db34264fa009a3141aff97db6a13	7baff6ecfc6373c379f660db788473f4b9d1ba56027b1b8d52e7bed03aeeb7a9
dcfafbbeb8dba8ecf36d36e18bbf78a700094dedd63b8b55920886c9fac20bd1	6b653a24bfc2392546e2b8272e47946168508b768144d28d0042c02c187b9232	0x800000000035d110	8	ppc64_descriptor_pointer	1024	sc_vector_descriptor_array	high	c9e3a09a3ef30dec25434fcba5ba79ac322362fd1625d85bf692c07aac9d823b	cd5492ce8a037a92a8af47846dfa1420036dc1fe5ef88cae50ca6bf7a5156dd7	244f06b480cfe92d5629f20695751c8c994728fbeac668504416630f9e952372
e35c77ae5688a19a2dec923258165cffd748212b93196432ae5ea401ca4f0fbe	caa5102692f07cdc31b2649bf2e83b08fbd00f5be93cb782b9e29130aadf4433	0x80000000002b5b38	8	ppc64_descriptor_pointer	1024	sc_vector_descriptor_array	high	8d0d564bab7789ce816b72b1e7fc1cd97017aed929918f4598327705f2e0c2c8	3c4f6358c1bd376cd526214a2421ee165ceb3a219e5e09ea35c2a61d6a6c7295	9fbec7f5dcb5e4e2d1da3669e176dfa3a30d5824442b15471cccce727c506dc8
e72405edbff0fec23bc4761e131848670d797caf37c5c5e7b40e9fa3d7ac6659	f387c5a1a6e23cb48f8a815baa5999b2dd5f302d30dc82040eebced7329d28e8	0x800000000035bca8	8	ppc64_descriptor_pointer	1024	sc_vector_descriptor_array	high	e2001a166491c60c7cd95d1641a79939828bafde576e7f65230a04eb8352c76d	08e0cedfd4b996ccce65e1bccb4cc923c47fc48a3ced5c3f0cb416c855682f28	2d458ee95c0d5a50b100928c6bfd5be7a1cf778a3672fd0c4fde6c4887b10371
e953cc7b11d9095baf678cc7a5d4214b623383589593848e3e5e18e91df24027	c408ebe1ef585de8eacb052b960a0a74e897655a810824a5761928cf25db3a1e	0x8000000000333d08	8	ppc64_descriptor_pointer	1024	sc_vector_descriptor_array	high	c6f39bb979fd7b02cdf48b684875c6f5427edcf65bfc361a5cd3fa550fc976d5	b4ffc30ab6838344e9f8ba0dceb43b4e2de1a68b19363b7e00d1f895b680c0ca	207525c6c4d55a4d2fa32b8232c1b59e204137fd88021f587658a97149bc2b5a
ef033f897242237848eaffee97256a8998da8848e0c6cc05b68e6810a9110179	7d90b4cebd3bef9ecf18d14694db3f6486222243cb15a199b3ec9999114fd60e	0x8000000000363be0	8	ppc64_descriptor_pointer	1024	sc_vector_descriptor_array	high	5c404f4b7bf7f7ad2d5dc10d6e2ff8de39e41ee3fbb7c9daf63bac649e09641e	b80a7035218479fbc05291867366c5d50b732da0f6b7e284a124973db7bd2a23	6f6adde3f9f3eb1f09244d2e6c55127e5bcb3f20ac03e85f2be5eaee540330b8
ef754c4fe2ec4ac071c66c1b17bb5a66c9d0595898ad66b296c534d2a7860639	02ad3ef94a7fdb9d1cf2a9a3e6f04fbbadc7300f435d5c8259607b709a39fcee	0x8000000000362680	8	ppc64_descriptor_pointer	1024	sc_vector_descriptor_array	high	ffd5c9376cde1c3cd0f609fc1601f832bd82191dae3d6960db0b5ecd7dad63ab	0b01b19de2e5377ee79361810e56e2a019863528a66bffea5433a35bcedc0888	4e9203310de67ab5039588837d51dac35914aeb294a24d4812b2514cf43a247d
efecc32768d26275f0990825e91e8e0fdde071d4aefe5a748b5a51e1e253f830	8590b9bbcfff200bdd4427ed6045caeb6eb532c319933ff0187d8706a5cdac5d	0x80000000002cbec0	8	ppc64_descriptor_pointer	1024	sc_vector_descriptor_array	high	5347f7de457f9dc2b3d6efd6a8cb6d3eae87c163f365772fc9e5017b4b4b0697	57c48787b811e16811d954723d355541f973d40a7da4c4322caff722e91269f9	e5f01d34c0b7e6f86031a2736aa21965610bf9d6ef8c71bccd361df57828a31d
f2d5fbef42107048aefa20bf38524b7adadb8ce8f4421a73940c44ffb658c8f6	d4c14c131d12c246f23febd6f0fcb404570666495cd8b6a8803c600f0d4f1e4d	0x80000000002ea820	8	ppc64_descriptor_pointer	1024	sc_vector_descriptor_array	high	049af4ff6ad7d0143e023a950d1c7e7ea06f7d98db7e590f1233718d4b070b40	71bb0e893ae44529da03404b428d537ca554cd21664a5c90bc6c1d359c646ec2	9fb5742667017e53127641406f0d17d1c8ec1185f0ad484735d76ad7116645fb
f337d1f81734103612d4041124ec6aeadcf2451da0a1f1914990cde1f8d9b625	e782af6f8a45bd3f546bdfaeff79c520ef38e9fe4700c77c75cb80d658a1118a	0x80000000003551d8	8	ppc64_descriptor_pointer	1024	sc_vector_descriptor_array	high	615ea61bec4d11d56f867d14aae781c30a8c8298a24178e682adc499959f06b1	2598f7dc6e00e610e12a5b6aa9a4dcbdd7f16373b2fa04203b8931d75cfbb6af	d2da3166da4e47d41ebd384e56075b94a676ed46fb9c456f81a9275c802b7844
f6c93d01125f3345250bfd913cd8553985bcfe3b153c66996b9e7222a4aadd53	b52fbc750efa2f898bbf77ed03f53898e11801e8d29e725a03ce8c67b21817d6	0x8000000000347b48	8	ppc64_descriptor_pointer	1024	sc_vector_descriptor_array	high	32878caf235c51a4844d3d847f235f49dc3bb7be2b51b52970cda8f47bac5c4b	f2655e7e3f766ccd67c2e171180a051ec4c01ad400cf6bdba1d5cd93da9593b0	51ec4c638501a28a7f9b0fd69cff76dd6eda497193c4ad291f348d34d79b76ad
f717e2db7acf4e7134089f542f36507a9f1a64cc8ce7c24a4b7c96a83902a57d	63cc344cf497135eec937b929695c5bd3eeb7deb50adff1130802dbafc214462	0x800000000035f0d0	8	ppc64_descriptor_pointer	1024	sc_vector_descriptor_array	high	8c170030ca3fd2b5d09c6643cad5f3f34242700c4a96e0f5321eb40a3d312746	261e6d708f8bd49644ec43d17a0cc8911decae7faad5a978982a603c765ddb36	e12deca4dbcaa1be6809babde0d701aa0bcf6ae8b76d1bd0fa7ba9ff2b4e866b
f9368f942418c01714784b94a6fdfc36a8cdbdb5e18aa275e60bbdfdafd235f6	3dcc405fb8433128fa773cd115f172908b8fbcc8d4dc1f1c5fadd8ae0a17b40d	0x8000000000363b60	8	ppc64_descriptor_pointer	1024	sc_vector_descriptor_array	high	ba826c2087c6c82b0d2ff5270e144d0accecde2f6296ab404f2603e526a028ea	61e5f63bd8cc331ace5ae2321956cc6d37e882fc800c5d91338d5634f85b26ff	0f945f8617daa5c6721d951ccbba5df1ece735d943ab52369f1f8e3b2fd57307
f9663e2dd12599f7107bfa8817d07879efa018a954b1083f9b717115b15f490d	a74fd6eee4b7243ce1651487368b108ad4632230cae37a6730b4a887cdf2a59e	0x80000000003390d0	8	ppc64_descriptor_pointer	1024	sc_vector_descriptor_array	high	417f39d1f64ab80ac453954b6cd5103af7e7dec74cc8295bcf20334742373be9	f6635366a22752ee05c4c549693484d933d6c6ab40344304843e9661624fcda3	ce252a3c0ff3f589ff902a7a874deb74951e9f7f5622c34216337af9abd3b153
fc1f8896cfe4f9ff73b07a2193c6de88b73415a2a52a4c6724ca9b6cf170529e	21bc3d5775d68aae947a1ec9450d4b28adc2795b9a1183c5223dd12467103ec8	0x800000000035bca8	8	ppc64_descriptor_pointer	1024	sc_vector_descriptor_array	high	6f9fe094320be6c6dee7c8a87afaa6d0dab82088b22cb753c362538f1c876167	d54d2bf09b9df2df237cdd3c2c646fbd51e24eb011b215f4fa0c78fc6f91b934	1edcfba5f5a5884600d03bb6a43a7c75bcd00b20b3a46752625dc5f8ca9df822
fdd01abbeaf00f8111b70520424351298795a951ca630cb850a2504d6cc052ae	8afc4fc732bb7fe1f2291f0b6ec1a77446a37186ac4cb0f053fd6d68d05c9016	0x8000000000353fe0	8	ppc64_descriptor_pointer	1024	sc_vector_descriptor_array	high	0b518db71d35c4548101f1dbfe9ffff6dffe958e3e14c525505d109802dc1dc1	f508bd7be7df33c2c6227a15906795f16b1ad00d7ae1b6446044a802b3cf8c22	bf559a6dfa0749de545baf45d7c6309f9546f536c0908d88eabae5a21d9ab630
