ranking	rank	ordinal	title_count	first_tick	caller_modules
caller_modules	1	343	0	none	2816
caller_modules	2	133	0	none	1709
caller_modules	3	872	0	none	1535
caller_modules	4	600	0	none	1408
caller_modules	5	335	0	none	1146
caller_modules	6	609	0	none	1139
caller_modules	7	122	0	none	1057
caller_modules	8	124	0	none	1057
caller_modules	9	125	0	none	1057
caller_modules	10	127	0	none	1057
caller_modules	11	329	0	none	1016
caller_modules	12	45	0	none	995
caller_modules	13	616	0	none	979
caller_modules	14	76	0	none	967
caller_modules	15	73	0	none	963
caller_modules	16	602	0	none	912
caller_modules	17	601	0	none	894
caller_modules	18	75	0	none	866
caller_modules	19	49	0	none	853
caller_modules	20	331	0	none	848
caller_modules	21	605	0	none	811
caller_modules	22	351	0	none	776
caller_modules	23	817	0	none	737
caller_modules	24	191	0	none	720
caller_modules	25	123	0	none	709
caller_modules	26	46	0	none	678
caller_modules	27	56	0	none	669
caller_modules	28	57	0	none	656
caller_modules	29	610	0	none	647
caller_modules	30	192	0	none	623
caller_modules	31	624	0	none	617
caller_modules	32	625	0	none	617
caller_modules	33	626	0	none	617
caller_modules	34	627	0	none	598
caller_modules	35	193	0	none	586
caller_modules	36	126	0	none	583
caller_modules	37	58	0	none	580
caller_modules	38	611	0	none	572
caller_modules	39	111	0	none	565
caller_modules	40	112	0	none	565
caller_modules	41	113	0	none	565
caller_modules	42	115	0	none	565
caller_modules	43	116	0	none	565
caller_modules	44	840	0	none	563
caller_modules	45	619	0	none	546
caller_modules	46	74	0	none	542
caller_modules	47	119	0	none	539
caller_modules	48	148	0	none	533
caller_modules	49	393	0	none	515
caller_modules	50	328	0	none	509
caller_modules	51	398	0	none	503
caller_modules	52	603	0	none	490
caller_modules	53	194	0	none	476
caller_modules	54	55	0	none	472
caller_modules	55	50	0	none	468
caller_modules	56	51	0	none	468
caller_modules	57	117	0	none	467
caller_modules	58	54	0	none	430
caller_modules	59	812	0	none	391
caller_modules	60	814	0	none	391
caller_modules	61	300	0	none	385
caller_modules	62	182	0	none	377
caller_modules	63	165	0	none	372
caller_modules	64	867	0	none	348
caller_modules	65	342	0	none	344
caller_modules	66	810	0	none	337
caller_modules	67	813	0	none	337
caller_modules	68	819	0	none	337
caller_modules	69	820	0	none	337
caller_modules	70	822	0	none	337
caller_modules	71	823	0	none	337
caller_modules	72	825	0	none	337
caller_modules	73	826	0	none	337
caller_modules	74	827	0	none	337
caller_modules	75	828	0	none	337
caller_modules	76	832	0	none	337
caller_modules	77	833	0	none	337
caller_modules	78	845	0	none	337
caller_modules	79	846	0	none	337
caller_modules	80	811	0	none	335
caller_modules	81	815	0	none	335
caller_modules	82	816	0	none	335
caller_modules	83	824	0	none	335
caller_modules	84	831	0	none	335
caller_modules	85	834	0	none	335
caller_modules	86	835	0	none	335
caller_modules	87	837	0	none	333
caller_modules	88	838	0	none	333
caller_modules	89	865	0	none	331
caller_modules	90	821	0	none	314
caller_modules	91	874	0	none	308
caller_modules	92	5	0	none	301
caller_modules	93	406	0	none	301
caller_modules	94	251	0	none	294
caller_modules	95	252	0	none	294
caller_modules	96	326	0	none	288
caller_modules	97	572	0	none	282
caller_modules	98	2	0	none	278
caller_modules	99	185	0	none	269
caller_modules	100	186	0	none	269
caller_modules	101	606	0	none	265
caller_modules	102	301	0	none	259
caller_modules	103	325	0	none	259
caller_modules	104	340	0	none	258
caller_modules	105	864	0	none	249
caller_modules	106	355	0	none	247
caller_modules	107	358	0	none	247
caller_modules	108	359	0	none	247
caller_modules	109	841	0	none	247
caller_modules	110	842	0	none	247
caller_modules	111	19	0	none	243
caller_modules	112	363	0	none	241
caller_modules	113	250	0	none	237
caller_modules	114	847	0	none	231
caller_modules	115	836	0	none	230
caller_modules	116	839	0	none	230
caller_modules	117	843	0	none	230
caller_modules	118	844	0	none	230
caller_modules	119	327	0	none	225
caller_modules	120	336	0	none	225
caller_modules	121	143	0	none	216
caller_modules	122	187	0	none	212
caller_modules	123	166	0	none	208
caller_modules	124	174	0	none	208
caller_modules	125	175	0	none	208
caller_modules	126	176	0	none	208
caller_modules	127	179	0	none	208
caller_modules	128	180	0	none	208
caller_modules	129	181	0	none	208
caller_modules	130	184	0	none	208
caller_modules	131	188	0	none	208
caller_modules	132	198	0	none	208
caller_modules	133	615	0	none	205
caller_modules	134	617	0	none	205
caller_modules	135	618	0	none	205
caller_modules	136	707	0	none	202
caller_modules	137	709	0	none	202
caller_modules	138	710	0	none	202
caller_modules	139	721	0	none	202
caller_modules	140	722	0	none	202
caller_modules	141	724	0	none	202
caller_modules	142	725	0	none	202
caller_modules	143	708	0	none	193
caller_modules	144	570	0	none	188
caller_modules	145	542	0	none	182
caller_modules	146	543	0	none	182
caller_modules	147	544	0	none	182
caller_modules	148	545	0	none	182
caller_modules	149	546	0	none	182
caller_modules	150	547	0	none	182
caller_modules	151	548	0	none	182
caller_modules	152	549	0	none	182
caller_modules	153	550	0	none	182
caller_modules	154	551	0	none	182
caller_modules	155	552	0	none	182
caller_modules	156	556	0	none	182
caller_modules	157	558	0	none	182
caller_modules	158	559	0	none	182
caller_modules	159	563	0	none	174
caller_modules	160	564	0	none	174
caller_modules	161	713	0	none	174
caller_modules	162	714	0	none	174
caller_modules	163	23	0	none	172
caller_modules	164	614	0	none	172
caller_modules	165	565	0	none	171
caller_modules	166	723	0	none	168
caller_modules	167	254	0	none	162
caller_modules	168	345	0	none	161
caller_modules	169	638	0	none	158
caller_modules	170	613	0	none	157
caller_modules	171	863	0	none	154
caller_modules	172	461	0	none	151
caller_modules	173	495	0	none	151
caller_modules	174	333	0	none	150
caller_modules	175	338	0	none	150
caller_modules	176	346	0	none	150
caller_modules	177	353	0	none	150
caller_modules	178	354	0	none	150
caller_modules	179	356	0	none	150
caller_modules	180	357	0	none	150
caller_modules	181	360	0	none	150
caller_modules	182	361	0	none	150
caller_modules	183	566	0	none	150
caller_modules	184	861	0	none	150
caller_modules	185	81	0	none	142
caller_modules	186	84	0	none	142
caller_modules	187	88	0	none	142
caller_modules	188	230	0	none	142
caller_modules	189	231	0	none	142
caller_modules	190	232	0	none	142
caller_modules	191	233	0	none	142
caller_modules	192	234	0	none	142
caller_modules	193	236	0	none	142
caller_modules	194	237	0	none	142
caller_modules	195	72	0	none	140
caller_modules	196	696	0	none	138
caller_modules	197	878	0	none	134
caller_modules	198	465	0	none	133
caller_modules	199	466	0	none	133
caller_modules	200	800	0	none	133
caller_modules	201	829	0	none	133
caller_modules	202	13	0	none	129
caller_modules	203	476	0	none	126
caller_modules	204	567	0	none	126
caller_modules	205	568	0	none	126
caller_modules	206	569	0	none	126
caller_modules	207	248	0	none	122
caller_modules	208	249	0	none	122
caller_modules	209	578	0	none	122
caller_modules	210	862	0	none	122
caller_modules	211	612	0	none	120
caller_modules	212	673	0	none	120
caller_modules	213	676	0	none	120
caller_modules	214	146	0	none	119
caller_modules	215	379	0	none	119
caller_modules	216	500	0	none	119
caller_modules	217	376	0	none	116
caller_modules	218	866	0	none	115
caller_modules	219	302	0	none	112
caller_modules	220	303	0	none	112
caller_modules	221	914	0	none	112
caller_modules	222	976	0	none	112
caller_modules	223	977	0	none	112
caller_modules	224	978	0	none	112
caller_modules	225	979	0	none	112
caller_modules	226	980	0	none	112
caller_modules	227	860	0	none	111
caller_modules	228	981	0	none	107
caller_modules	229	984	0	none	107
caller_modules	230	503	0	none	105
caller_modules	231	523	0	none	103
caller_modules	232	525	0	none	103
caller_modules	233	575	0	none	101
caller_modules	234	637	0	none	101
caller_modules	235	680	0	none	99
caller_modules	236	682	0	none	99
caller_modules	237	685	0	none	99
caller_modules	238	686	0	none	99
caller_modules	239	687	0	none	99
caller_modules	240	688	0	none	99
caller_modules	241	689	0	none	99
caller_modules	242	690	0	none	99
caller_modules	243	691	0	none	99
caller_modules	244	692	0	none	99
caller_modules	245	693	0	none	99
caller_modules	246	639	0	none	98
caller_modules	247	89	0	none	97
caller_modules	248	157	0	none	97
caller_modules	249	240	0	none	97
caller_modules	250	394	0	none	97
caller_modules	251	502	0	none	97
caller_modules	252	510	0	none	97
caller_modules	253	562	0	none	97
caller_modules	254	583	0	none	97
caller_modules	255	650	0	none	97
caller_modules	256	651	0	none	97
caller_modules	257	652	0	none	97
caller_modules	258	653	0	none	97
caller_modules	259	654	0	none	97
caller_modules	260	655	0	none	97
caller_modules	261	656	0	none	97
caller_modules	262	657	0	none	97
caller_modules	263	658	0	none	97
caller_modules	264	659	0	none	97
caller_modules	265	700	0	none	97
caller_modules	266	701	0	none	97
caller_modules	267	702	0	none	97
caller_modules	268	703	0	none	97
caller_modules	269	704	0	none	97
caller_modules	270	705	0	none	97
caller_modules	271	706	0	none	97
caller_modules	272	711	0	none	97
caller_modules	273	712	0	none	97
caller_modules	274	715	0	none	97
caller_modules	275	716	0	none	97
caller_modules	276	717	0	none	97
caller_modules	277	718	0	none	97
caller_modules	278	719	0	none	97
caller_modules	279	720	0	none	97
caller_modules	280	726	0	none	97
caller_modules	281	868	0	none	97
caller_modules	282	574	0	none	94
caller_modules	283	244	0	none	91
caller_modules	284	245	0	none	91
caller_modules	285	246	0	none	91
caller_modules	286	247	0	none	91
caller_modules	287	983	0	none	91
caller_modules	288	513	0	none	86
caller_modules	289	24	0	none	84
caller_modules	290	372	0	none	83
caller_modules	291	373	0	none	83
caller_modules	292	374	0	none	83
caller_modules	293	514	0	none	82
caller_modules	294	579	0	none	82
caller_modules	295	683	0	none	79
caller_modules	296	3	0	none	75
caller_modules	297	304	0	none	75
caller_modules	298	305	0	none	75
caller_modules	299	308	0	none	75
caller_modules	300	310	0	none	75
caller_modules	301	876	0	none	75
caller_modules	302	496	0	none	72
caller_modules	303	607	0	none	71
caller_modules	304	681	0	none	71
caller_modules	305	684	0	none	71
caller_modules	306	410	0	none	67
caller_modules	307	411	0	none	67
caller_modules	308	631	0	none	67
caller_modules	309	879	0	none	64
caller_modules	310	383	0	none	63
caller_modules	311	384	0	none	63
caller_modules	312	253	0	none	60
caller_modules	313	463	0	none	54
caller_modules	314	464	0	none	54
caller_modules	315	467	0	none	54
caller_modules	316	485	0	none	54
caller_modules	317	487	0	none	54
caller_modules	318	488	0	none	54
caller_modules	319	489	0	none	54
caller_modules	320	490	0	none	54
caller_modules	321	498	0	none	54
caller_modules	322	499	0	none	54
caller_modules	323	902	0	none	54
caller_modules	324	903	0	none	54
caller_modules	325	909	0	none	54
caller_modules	326	910	0	none	54
caller_modules	327	911	0	none	54
caller_modules	328	933	0	none	54
caller_modules	329	935	0	none	54
caller_modules	330	937	0	none	54
caller_modules	331	941	0	none	54
caller_modules	332	943	0	none	54
caller_modules	333	944	0	none	54
caller_modules	334	945	0	none	54
caller_modules	335	947	0	none	54
caller_modules	336	951	0	none	54
caller_modules	337	957	0	none	54
caller_modules	338	971	0	none	54
caller_modules	339	972	0	none	54
caller_modules	340	974	0	none	54
caller_modules	341	975	0	none	54
caller_modules	342	988	0	none	54
caller_modules	343	989	0	none	54
caller_modules	344	608	0	none	52
caller_modules	345	870	0	none	49
caller_modules	346	982	0	none	42
caller_modules	347	875	0	none	41
caller_modules	348	314	0	none	37
caller_modules	349	622	0	none	33
caller_modules	350	873	0	none	30
caller_modules	351	392	0	none	29
caller_modules	352	380	0	none	28
caller_modules	353	378	0	none	22
caller_modules	354	381	0	none	22
caller_modules	355	382	0	none	22
caller_modules	356	386	0	none	22
caller_modules	357	470	0	none	22
caller_modules	358	471	0	none	22
caller_modules	359	501	0	none	22
caller_modules	360	504	0	none	22
caller_modules	361	505	0	none	22
caller_modules	362	508	0	none	22
caller_modules	363	509	0	none	22
caller_modules	364	511	0	none	22
caller_modules	365	561	0	none	22
caller_modules	366	584	0	none	22
caller_modules	367	591	0	none	22
caller_modules	368	598	0	none	22
caller_modules	369	604	0	none	19
caller_modules	370	635	0	none	19
caller_modules	371	590	0	none	14
caller_modules	372	636	0	none	13
caller_modules	373	557	0	none	11
caller_modules	374	473	0	none	9
caller_modules	375	694	0	none	9
caller_modules	376	695	0	none	9
caller_modules	377	375	0	none	8
caller_modules	378	396	0	none	8
caller_modules	379	592	0	none	7
caller_modules	380	640	0	none	6
caller_modules	381	642	0	none	6
caller_modules	382	643	0	none	6
caller_modules	383	644	0	none	6
caller_modules	384	645	0	none	6
caller_modules	385	646	0	none	6
caller_modules	386	647	0	none	6
caller_modules	387	648	0	none	6
caller_modules	388	649	0	none	6
caller_modules	389	404	0	none	4
caller_modules	390	571	0	none	3
caller_modules	391	313	0	none	2
caller_modules	392	597	0	none	1
census_gap	1	45	1	none	0
census_gap	2	111	2	none	0
census_gap	3	133	1	none	0
census_gap	4	230	1	none	0
census_gap	5	248	1	none	0
census_gap	6	251	1	none	0
census_gap	7	380	1	none	0
census_gap	8	382	1	none	0
census_gap	9	398	1	none	0
census_gap	10	465	2	none	0
census_gap	11	563	1	none	0
census_gap	12	610	1	none	0
census_gap	13	612	1	none	0
census_gap	14	635	1	none	0
census_gap	15	650	1	none	0
census_gap	16	699	1	none	0
census_gap	17	811	1	none	0
census_gap	18	817	1	none	0
census_gap	19	837	1	none	0
census_gap	20	867	1	none	0
census_gap	21	873	1	none	0
census_gap	22	956	1	none	0
