ordinal	selector_slot	packet	source	ref
621	r3	0	psdevwiki	https://www.psdevwiki.com/ps3/Talk:LV2_Functions_and_Syscalls
621	r3	1	psdevwiki	https://www.psdevwiki.com/ps3/Talk:LV2_Functions_and_Syscalls
621	r3	2	psdevwiki	https://www.psdevwiki.com/ps3/Talk:LV2_Functions_and_Syscalls
621	r3	3	psdevwiki	https://www.psdevwiki.com/ps3/Talk:LV2_Functions_and_Syscalls
621	r3	4	psdevwiki	https://www.psdevwiki.com/ps3/Talk:LV2_Functions_and_Syscalls
621	r3	5	psdevwiki	https://www.psdevwiki.com/ps3/Talk:LV2_Functions_and_Syscalls
621	r3	6	psdevwiki	https://www.psdevwiki.com/ps3/Talk:LV2_Functions_and_Syscalls
621	r3	7	psdevwiki	https://www.psdevwiki.com/ps3/Talk:LV2_Functions_and_Syscalls
621	r3	8	psdevwiki	https://www.psdevwiki.com/ps3/Talk:LV2_Functions_and_Syscalls
621	r3	9	psdevwiki	https://www.psdevwiki.com/ps3/Talk:LV2_Functions_and_Syscalls
861	r3	0	psdevwiki	https://www.psdevwiki.com/ps3/Talk:LV2_Functions_and_Syscalls
861	r3	1	psdevwiki	https://www.psdevwiki.com/ps3/Talk:LV2_Functions_and_Syscalls
861	r3	2	psdevwiki	https://www.psdevwiki.com/ps3/Talk:LV2_Functions_and_Syscalls
861	r3	3	psdevwiki	https://www.psdevwiki.com/ps3/Talk:LV2_Functions_and_Syscalls
861	r3	4	psdevwiki	https://www.psdevwiki.com/ps3/Talk:LV2_Functions_and_Syscalls
861	r3	5	psdevwiki	https://www.psdevwiki.com/ps3/Talk:LV2_Functions_and_Syscalls
861	r3	6	psdevwiki	https://www.psdevwiki.com/ps3/Talk:LV2_Functions_and_Syscalls
861	r3	7	psdevwiki	https://www.psdevwiki.com/ps3/Talk:LV2_Functions_and_Syscalls
861	r3	8	psdevwiki	https://www.psdevwiki.com/ps3/Talk:LV2_Functions_and_Syscalls
861	r3	9	psdevwiki	https://www.psdevwiki.com/ps3/Talk:LV2_Functions_and_Syscalls
861	r3	10	psdevwiki	https://www.psdevwiki.com/ps3/Talk:LV2_Functions_and_Syscalls
861	r3	11	psdevwiki	https://www.psdevwiki.com/ps3/Talk:LV2_Functions_and_Syscalls
861	r3	12	psdevwiki	https://www.psdevwiki.com/ps3/Talk:LV2_Functions_and_Syscalls
861	r3	13	psdevwiki	https://www.psdevwiki.com/ps3/Talk:LV2_Functions_and_Syscalls
861	r3	14	psdevwiki	https://www.psdevwiki.com/ps3/Talk:LV2_Functions_and_Syscalls
861	r3	15	psdevwiki	https://www.psdevwiki.com/ps3/Talk:LV2_Functions_and_Syscalls
861	r3	16	psdevwiki	https://www.psdevwiki.com/ps3/Talk:LV2_Functions_and_Syscalls
861	r3	17	psdevwiki	https://www.psdevwiki.com/ps3/Talk:LV2_Functions_and_Syscalls
861	r3	18	psdevwiki	https://www.psdevwiki.com/ps3/Talk:LV2_Functions_and_Syscalls
861	r3	19	psdevwiki	https://www.psdevwiki.com/ps3/Talk:LV2_Functions_and_Syscalls
862	r3	8193	psdevwiki	https://www.psdevwiki.com/ps3/Talk:LV2_Functions_and_Syscalls
862	r3	8194	psdevwiki	https://www.psdevwiki.com/ps3/Talk:LV2_Functions_and_Syscalls
862	r3	8195	psdevwiki	https://www.psdevwiki.com/ps3/Talk:LV2_Functions_and_Syscalls
862	r3	8196	psdevwiki	https://www.psdevwiki.com/ps3/Talk:LV2_Functions_and_Syscalls
862	r3	8197	psdevwiki	https://www.psdevwiki.com/ps3/Talk:LV2_Functions_and_Syscalls
862	r3	8198	psdevwiki	https://www.psdevwiki.com/ps3/Talk:LV2_Functions_and_Syscalls
862	r3	8199	psdevwiki	https://www.psdevwiki.com/ps3/Talk:LV2_Functions_and_Syscalls
862	r3	8200	psdevwiki	https://www.psdevwiki.com/ps3/Talk:LV2_Functions_and_Syscalls
862	r3	8201	psdevwiki	https://www.psdevwiki.com/ps3/Talk:LV2_Functions_and_Syscalls
862	r3	8202	psdevwiki	https://www.psdevwiki.com/ps3/Talk:LV2_Functions_and_Syscalls
862	r3	8203	psdevwiki	https://www.psdevwiki.com/ps3/Talk:LV2_Functions_and_Syscalls
862	r3	8204	psdevwiki	https://www.psdevwiki.com/ps3/Talk:LV2_Functions_and_Syscalls
862	r3	8205	psdevwiki	https://www.psdevwiki.com/ps3/Talk:LV2_Functions_and_Syscalls
862	r3	8206	psdevwiki	https://www.psdevwiki.com/ps3/Talk:LV2_Functions_and_Syscalls
862	r3	8207	psdevwiki	https://www.psdevwiki.com/ps3/Talk:LV2_Functions_and_Syscalls
862	r3	8208	psdevwiki	https://www.psdevwiki.com/ps3/Talk:LV2_Functions_and_Syscalls
862	r3	8209	psdevwiki	https://www.psdevwiki.com/ps3/Talk:LV2_Functions_and_Syscalls
862	r3	8210	psdevwiki	https://www.psdevwiki.com/ps3/Talk:LV2_Functions_and_Syscalls
862	r3	8211	psdevwiki	https://www.psdevwiki.com/ps3/Talk:LV2_Functions_and_Syscalls
862	r3	8212	psdevwiki	https://www.psdevwiki.com/ps3/Talk:LV2_Functions_and_Syscalls
862	r3	8213	psdevwiki	https://www.psdevwiki.com/ps3/Talk:LV2_Functions_and_Syscalls
862	r3	8214	psdevwiki	https://www.psdevwiki.com/ps3/Talk:LV2_Functions_and_Syscalls
862	r3	8215	psdevwiki	https://www.psdevwiki.com/ps3/Talk:LV2_Functions_and_Syscalls
863	r3	24577	psdevwiki	https://www.psdevwiki.com/ps3/Talk:LV2_Functions_and_Syscalls
863	r3	24578	psdevwiki	https://www.psdevwiki.com/ps3/Talk:LV2_Functions_and_Syscalls
863	r3	24579	psdevwiki	https://www.psdevwiki.com/ps3/Talk:LV2_Functions_and_Syscalls
863	r3	24580	psdevwiki	https://www.psdevwiki.com/ps3/Talk:LV2_Functions_and_Syscalls
863	r3	24581	psdevwiki	https://www.psdevwiki.com/ps3/Talk:LV2_Functions_and_Syscalls
863	r3	24582	psdevwiki	https://www.psdevwiki.com/ps3/Talk:LV2_Functions_and_Syscalls
863	r3	24583	psdevwiki	https://www.psdevwiki.com/ps3/Talk:LV2_Functions_and_Syscalls
863	r3	24584	psdevwiki	https://www.psdevwiki.com/ps3/Talk:LV2_Functions_and_Syscalls
863	r3	24585	psdevwiki	https://www.psdevwiki.com/ps3/Talk:LV2_Functions_and_Syscalls
863	r3	24586	psdevwiki	https://www.psdevwiki.com/ps3/Talk:LV2_Functions_and_Syscalls
863	r3	24587	psdevwiki	https://www.psdevwiki.com/ps3/Talk:LV2_Functions_and_Syscalls
863	r3	24588	psdevwiki	https://www.psdevwiki.com/ps3/Talk:LV2_Functions_and_Syscalls
863	r3	24589	psdevwiki	https://www.psdevwiki.com/ps3/Talk:LV2_Functions_and_Syscalls
863	r3	24590	psdevwiki	https://www.psdevwiki.com/ps3/Talk:LV2_Functions_and_Syscalls
863	r3	24591	psdevwiki	https://www.psdevwiki.com/ps3/Talk:LV2_Functions_and_Syscalls
863	r3	24592	psdevwiki	https://www.psdevwiki.com/ps3/Talk:LV2_Functions_and_Syscalls
863	r3	24593	psdevwiki	https://www.psdevwiki.com/ps3/Talk:LV2_Functions_and_Syscalls
863	r3	24594	psdevwiki	https://www.psdevwiki.com/ps3/Talk:LV2_Functions_and_Syscalls
867	r3	102402	psdevwiki	https://www.psdevwiki.com/ps3/Talk:LV2_Functions_and_Syscalls
867	r3	102403	psdevwiki	https://www.psdevwiki.com/ps3/Talk:LV2_Functions_and_Syscalls
867	r3	102404	psdevwiki	https://www.psdevwiki.com/ps3/Talk:LV2_Functions_and_Syscalls
867	r3	102405	psdevwiki	https://www.psdevwiki.com/ps3/Talk:LV2_Functions_and_Syscalls
867	r3	102406	psdevwiki	https://www.psdevwiki.com/ps3/Talk:LV2_Functions_and_Syscalls
868	r3	94209	psdevwiki	https://www.psdevwiki.com/ps3/Talk:LV2_Functions_and_Syscalls
868	r3	94210	psdevwiki	https://www.psdevwiki.com/ps3/Talk:LV2_Functions_and_Syscalls
868	r3	94211	psdevwiki	https://www.psdevwiki.com/ps3/Talk:LV2_Functions_and_Syscalls
868	r3	94212	psdevwiki	https://www.psdevwiki.com/ps3/Talk:LV2_Functions_and_Syscalls
868	r3	94213	psdevwiki	https://www.psdevwiki.com/ps3/Talk:LV2_Functions_and_Syscalls
868	r3	94214	psdevwiki	https://www.psdevwiki.com/ps3/Talk:LV2_Functions_and_Syscalls
868	r3	94215	psdevwiki	https://www.psdevwiki.com/ps3/Talk:LV2_Functions_and_Syscalls
868	r3	94216	psdevwiki	https://www.psdevwiki.com/ps3/Talk:LV2_Functions_and_Syscalls
868	r3	94217	psdevwiki	https://www.psdevwiki.com/ps3/Talk:LV2_Functions_and_Syscalls
868	r3	94218	psdevwiki	https://www.psdevwiki.com/ps3/Talk:LV2_Functions_and_Syscalls
868	r3	94219	psdevwiki	https://www.psdevwiki.com/ps3/Talk:LV2_Functions_and_Syscalls
868	r3	94220	psdevwiki	https://www.psdevwiki.com/ps3/Talk:LV2_Functions_and_Syscalls
868	r3	94221	psdevwiki	https://www.psdevwiki.com/ps3/Talk:LV2_Functions_and_Syscalls
868	r3	94222	psdevwiki	https://www.psdevwiki.com/ps3/Talk:LV2_Functions_and_Syscalls
868	r3	94223	psdevwiki	https://www.psdevwiki.com/ps3/Talk:LV2_Functions_and_Syscalls
868	r3	94224	psdevwiki	https://www.psdevwiki.com/ps3/Talk:LV2_Functions_and_Syscalls
868	r3	94225	psdevwiki	https://www.psdevwiki.com/ps3/Talk:LV2_Functions_and_Syscalls
868	r3	94226	psdevwiki	https://www.psdevwiki.com/ps3/Talk:LV2_Functions_and_Syscalls
868	r3	94227	psdevwiki	https://www.psdevwiki.com/ps3/Talk:LV2_Functions_and_Syscalls
868	r3	94228	psdevwiki	https://www.psdevwiki.com/ps3/Talk:LV2_Functions_and_Syscalls
868	r3	94229	psdevwiki	https://www.psdevwiki.com/ps3/Talk:LV2_Functions_and_Syscalls
868	r3	94230	psdevwiki	https://www.psdevwiki.com/ps3/Talk:LV2_Functions_and_Syscalls
868	r3	94231	psdevwiki	https://www.psdevwiki.com/ps3/Talk:LV2_Functions_and_Syscalls
871	r3	1	psdevwiki	https://www.psdevwiki.com/ps3/Talk:LV2_Functions_and_Syscalls
871	r3	2	psdevwiki	https://www.psdevwiki.com/ps3/Talk:LV2_Functions_and_Syscalls
871	r3	3	psdevwiki	https://www.psdevwiki.com/ps3/Talk:LV2_Functions_and_Syscalls
